Form Name,UPMRCL Observations ,UPMRC Verification @ 01_06_25,IT Team - 16-07-2025,,,,,,,,,,,,,,,,,,,,
Assest Register,"In station name drop down Test track , Backup control center and operation control center are not required and station name required in sattion code format","Test track still available, remove test track and move gears of test track to TPD  ",,,,,,,,,,,,,,,,,,,,,
,Some times data is saved and some tims data is not saved and displays read properties of null displayed,Submit button is working but after submitting page is not refreshing automatically and user is able to modify data for 1 more time.,,,,,,,,,,,,,,,,,,,,,
,New coloumn for System having drop down ATC/ATS /IXL/DCS/MSS also to be inserted.,"1.Section wise & Train wise gears are  not available.Due to this gear list of train and section are not added in the form.
2.System column shall have option of ATC/ATS /IXL/DCS/MSS. a subsyetm tab can be added for the option of subsystem.
Subsystem dropdown also provided with system dropdown.",Pending,,,,,,,,,,,,,,,,,,,,
,Gear ID to be available  in drop down with respect to sytem  ATC/ATS /IXL/DCS/MSS,"Please see  Sheet gear List Comment
All type gears must be increasing order in drop down
In PDF export all column are not fit to page.",,,,,,,,,,,,,,,,,,,,,
,EMP Name and EMP ID also to be stamped automatically after saving,OK Noted,,,,,,,,,,,,,,,,,,,,,
,,,"In entry, Quantity shoulb be positive no only.",,,,,,,,,,,,,,,,,,,,
,,,"In Edit, system, gearID is blank",,,,,,,,,,,,,,,,,,,,
,,,"on edit, submit redirecting to dashboard",,,,,,,,,,,,,,,,,,,,
,,,Failed to submit data: iA.error is not a function in final submit sometime,,,,,,,,,,,,,,,,,,,,
,,,,,,,,,,,,,,,,,,,,,,,
Hardware Failure Register,Quantity and denomination columns are required.,Ok Noted,,,,,,,,,,,,,,,,,,,,,
,New coloumn for System having drop down ATC/ATS /IXL/DCS will be handy while filtering failures. ,"1.Section wise & Train wise gears are  not available.Due to this gear list of train and section are not added in the form.

2.System column shall have option of ATC/ATS /IXL/DCS/MSS. a subsyetm tab can be added for the option of subsystem.
Subsystem dropdown also provided with system dropdown.",????,,,,,,,,,,,,,,,,,,,,
,After filling form available submit button is not working,Ok Noted,,,,,,,,,,,,,,,,,,,,,
,Test Track is not required in station column.,Ok Noted,,,,,,,,,,,,,,,,,,,,,
,Drop down ATC/ATS /IXL/DCS/MSS is required in System tab. ,Ok Noted,,,,,,,,,,,,,,,,,,,,,
,Gear ID to be available  in drop down with respect to sytem  ATC/ATS /IXL/DCS/MSS,"Please see  Sheet ""gear List Comment""",,,,,,,,,,,,,,,,,,,,,
,EMP Name and EMP ID also to be stamped automatically after saving,Ok Noted,,,,,,,,,,,,,,,,,,,,,
,Remove denomination column as quantity is alredy available,Ok Noted,,,,,,,,,,,,,,,,,,,,,
,Edit funtion to be available for date of recieving and date of restoration ,User profile will not edit.Edit function is availble with Admin only.How another user will fill receiving date or date of restore.,,,,,,,,,,,,,,,,,,,,,
,Save Button is not working and displays read properties of null displayed,Submit button is working but after submitting page is not refreshing automatically and user is able to modify data for 1 more time.,ok,,,,,,,,,,,,,,,,,,,,
,EMP Name and EMP ID also to be stamped automatically after saving,Ok Noted,,,,,,,,,,,,,,,,,,,,,
,"Section wise gears RAP , Beacon and JB are not added in list include them also for every station section",To be shared,??,,,,,,,,,,,,,,,,,,,,
,ATC marker board not added in all stations,To be shared,??,,,,,,,,,,,,,,,,,,,,
,Point 3313 is not available in TPNR drop down list,Available in Gear List_Stationwise,ok,,,,,,,,,,,,,,,,,,,,
,"ATS switch  and router is not available at TPNR,HSGJ,MSPA",To be shared,??,,,,,,,,,,,,,,,,,,,,
,"Signal 3317RS,3319RS,3321RS is not available at TPNR",Available in Gear List_Stationwise,ok,,,,,,,,,,,,,,,,,,,,
,Relay cubicle is not available at SGNG in indoor,Updated sheet to be share,??,,,,,,,,,,,,,,,,,,,,
,Only 9 axle counter added in ALMB in place of 21 axle counter add remaining axle counter.,Available in Gear List_Stationwise,,,,,,,,,,,,,,,,,,,,,
,Only 9 axle counter added in MWYA in place of 21  16 axle counter add remaining axle counter,Available in Gear List_Stationwise.,,,,,,,,,,,,,,,,,,,,,
,Signal 5015 BS & 5017 BS not availble at IDNM,Available in Gear List_Stationwise,,,,,,,,,,,,,,,,,,,,,
,Only 9 axle counter added in MSPA in place of 21 17 axle counter add remaining axle counter,Available in Gear List_Stationwise,,,,,,,,,,,,,,,,,,,,,
,5112BS signal not available at MSPA,Available in Gear List_Stationwise,,,,,,,,,,,,,,,,,,,,,
,RC-03 HZNJ to be removed from SHVA and to be added in HZNJ,Updated List to be share,??,,,,,,,,,,,,,,,,,,,,
,"CLC also to be added in indoor at TPD,TPNR,HSGJ,IDNM",Updated List to be share,??,,,,,,,,,,,,,,,,,,,,
,All type gears must be increasing order in drop down,Not Updated,ok,,,,,,,,,,,,,,,,,,,,
,,,"in entry, date picker is not availlable in Date of Replacement ",,,,,,,,,,,,,,,,,,,,
,,,"in edit, date of replacement is not updating",,,,,,,,,,,,,,,,,,,,
,,,date filter not working properly,,,,,,,,,,,,,,,,,,,,
,,,,,,,,,,,,,,,,,,,,,,,
Replacement Register,Hardware /Software must be available in drop down menu,Ok Noted,,,,,,,,,,,,,,,,,,,,,
,New coloumn for System having drop down ATC/ATS /IXL/DCS/MSS also to be inserted.,"1.Section wise & Train wise gears are  not available.Due to this gear list of train and section are not added in the form.

2.System column shall have option of ATC/ATS /IXL/DCS/MSS. a subsyetm tab can be added for the option of subsystem.
Subsystem dropdown also provided with system dropdown.",pending,,,,,,,,,,,,,,,,,,,,
,After filling form available submit button is not working,Submit button is working but after submitting page is not refreshing automatically and user is able to modify data for 1 more time.,ok,,,,,,,,,,,,,,,,,,,,
,Quantity and denomination columns are required.,Not updated,,,,,,,,,,,,,,,,,,,,,
,Station Name required in drop down,Station Name Code  added but test track also added remove test track and move gears of test track to TPD ,??,,,,,,,,,,,,,,,,,,,,
,All Gear ID  must  be available  in drop down with respect to sytem  ATC/ATS /IXL/DCS/MSS,Gear List comment,??,,,,,,,,,,,,,,,,,,,,
,Save Button is not working and displays read properties of null displayed,Submit button is working but after submitting page is not refreshing automatically and user is able to modify data for 1 more time.,??,,,,,,,,,,,,,,,,,,,,
,EMP Name and EMP ID also to be stamped automatically after saving,Ok Noted,,,,,,,,,,,,,,,,,,,,,
,,,System is not showing in edit page,,,,,,,,,,,,,,,,,,,,
,,,,,,,,,,,,,,,,,,,,,,,
Loan Register,Quantity and denomination columns are required.,"Denomination column is not updated , update it",,,,,,,,,,,,,,,,,,,,,
,Subdivion of row for item description colounn within same serial no will be handy. ,Addition of Item is not available for batch material sending,,,,,,,,,,,,,,,,,,,,,
,Returnable/Non Returnable must be available in dropdown,OK Noted,,,,,,,,,,,,,,,,,,,,,
,Quantity  column is  required.,OK Noted,,,,,,,,,,,,,,,,,,,,,
,Recieved from column is required in Receiving details,OK Noted,,,,,,,,,,,,,,,,,,,,,
,Separate column for make/model and Sr.No. required in place of one column.,OK Noted,,,,,,,,,,,,,,,,,,,,,
,Non is not required in drop down of returnable/non returnable,OK Noted,,,,,,,,,,,,,,,,,,,,,
,Station code is required in drop down of send to and received from.,"1-Station name is given in place of station code
2. Test track ,AFC mainline AFC Store to be removed and one ''other'' column  with typing facility is required for Signal LAB,ATP Room,ATS simulator Room, OCC SGC transaction and other department loan entries
3- Drop down of station code not updated in Send By and Received By","1. in edit, station code is not present",,,,,,,,,,,,,,,,,,,,
,Edit option required for entering receiving details,User profile will not edit.Edit function is availble with Admin only.How another user will fill receiving date or date of restore.,??,,,,,,,,,,,,,,,,,,,,
,Save Button is not working and displays read properties of null displayed,Submit button is working but after submitting page is not refreshing automatically and user is able to modify data for 1 more time.,ok,,,,,,,,,,,,,,,,,,,,
,EMP Name and EMP ID also to be stamped automatically after saving,OK Noted,,,,,,,,,,,,,,,,,,,,,
,In Receiving detail section EMP ID should be below Received by-fix,OK Noted,,,,,,,,,,,,,,,,,,,,,
,In PDF export all column are not fit to page.,Not updated,ok,,,,,,,,,,,,,,,,,,,,
,,,remove pdf button from below,,,,,,,,,,,,,,,,,,,,
,,,,,,,,,,,,,,,,,,,,,,,
DCS TRE Maintenance,In digital format the header should be 'DCS TRE YEARLY MAINTENANCE RECORD' in place of 'DCS TRE MAINTENANCE RECORD'.,Ok Noted,,,,,,,,,,,,,,,,,,,,,
,Date field to be given on top.,Ok Noted,,,,,,,,,,,,,,,,,,,,,
,The header should be 'DCS TRE YEARLY MAINTENANCE RECORD' in place of 'DCS TRE MAINTENANCE RECORD'.,Ok Noted,,,,,,,,,,,,,,,,,,,,,
,Date  field to be given on top.,Ok Noted,,,,,,,,,,,,,,,,,,,,,
,DCS RAP NO. field to be given on top.,,,,,,,,,,,,,,,,,,,,,,
,"What will be filled in place signature , will there be any option for digital signature?",Ok Noted,,,,,,,,,,,,,,,,,,,,,
,Second sheet of DCS logbook related to nut bolt checking is  also to be added ,Ok Noted,,,,,,,,,,,,,,,,,,,,,
,"Checked OK, Checked Not OK  or option for data filling also do be added in drop down ",Ok Noted,,,,,,,,,,,,,,,,,,,,,
,Submit button is not working,Submit button is working but after submitting page is not refreshing automatically and user is able to modify data for 1 more time.,ok,,,,,,,,,,,,,,,,,,,,
,Save Button is not working and displays read properties of null displayed,Ok Noted,,,,,,,,,,,,,,,,,,,,,
,"Done also to be added in drop down of Checked OK, Checked Not OK",Ok Noted,,,,,,,,,,,,,,,,,,,,,
,EMP Name and EMP ID also to be stamped automatically after saving data,Ok Noted,,,,,,,,,,,,,,,,,,,,,
,RAP no. to be available after saving data in saved list -fix,"in the ""Click here view"" tab RAP number shall be given in place of Station. Same also shall be availble in exported pdf and excel (update RAP no. in place of station)",ok,,,,,,,,,,,,,,,,,,,,
,,,,,,,,,,,,,,,,,,,,,,,
Lab Material Transaction Register,Reason for Fault ,"OK Noted ,this  initial comment is not applicable for modified format of LAB Material Transaction Register",pending,,,,,,,,,,,,,,,,,,,,
,Station (where Gears was Installed),"OK Noted ,this  initial comment is not applicable for modified format of LAB Material Transaction Register",pending,,,,,,,,,,,,,,,,,,,,
,Swap the Location of Testing (from and to),"OK Noted ,this  initial comment is not applicable for modified format of LAB Material Transaction Register",,,,,,,,,,,,,,,,,,,,,
,Name of Lab Testing Staff,"OK Noted ,this  initial comment is not applicable for modified format of LAB Material Transaction Register",,,,,,,,,,,,,,,,,,,,,
,New coloumn for Sub-System having drop down ATC/ATS /IXL/DCS/MSS also to be inserted.,"OK Noted ,this  initial comment is not applicable for modified format of LAB Material Transaction Register",,,,,,,,,,,,,,,,,,,,,
,Gear ID to be available  in drop down with respect to sytem  ATC/ATS /IXL/DCS/MSS,"OK Noted ,this  initial comment is not applicable for modified format of LAB Material Transaction Register",,,,,,,,,,,,,,,,,,,,,
,Received from must be separate column from subsystem and gear ID,"OK Noted ,this  initial comment is not applicable for modified format of LAB Material Transaction Register",,,,,,,,,,,,,,,,,,,,,
,Testing  Location Gear ID ,"OK Noted ,this  initial comment is not applicable for modified format of LAB Material Transaction Register",,,,,,,,,,,,,,,,,,,,,
,Swap the Location of Testing (from and to),"OK Noted ,this  initial comment is not applicable for modified format of LAB Material Transaction Register",,,,,,,,,,,,,,,,,,,,,
,Remove DTR register no. column,DTR register no. column is still available in saved pdf change it to LAB Material Transaction Register and remove Telecom/AFC from saved pdf ,ok,,,,,,,,,,,,,,,,,,,,
,Sr. No. column also to be added in receipts section after description of mterial,OK Noted ,,,,,,,,,,,,,,,,,,,,,
,Change to whom received column to From whom received with name and designation column in receipt section,OK Noted ,,,,,,,,,,,,,,,,,,,,,
,Sr. No. column also to be added in issue section after description of mterial,OK Noted ,,,,,,,,,,,,,,,,,,,,,
,Change to whom received column to To whom issued with name and designation column in issue section,OK Noted ,,,,,,,,,,,,,,,,,,,,,
,Edit option required for entering issue  details ,"Form is saving only after complete form filling, it must be  saved even one or more column is blank and form can be edited once after for filling issue section for filling receipt section",???,,,,,,,,,,,,,,,,,,,,
,Edit option required for entering issue  details.,,,,,,,,,,,,,,,,,,,,,,
,After saving data name of material to be available in lab material list so that item can viewed.,Ok Noted,,,,,,,,,,,,,,,,,,,,,
,,,"after submitting , from is redirecting to dashboard",,,,,,,,,,,,,,,,,,,,
,,,,,,,,,,,,,,,,,,,,,,,
Lab Faulty Item charge Register,"Form to be modified as per new Format of ""LAB Job Card"" but name is not changed and form is not opening also",Not Updated and For Not Opening,pending,,,,,,,,,,,,,,,,,,,,
,,,,,,,,,,,,,,,,,,,,,,,
PM - Point Machine maintenance record TPD,Half yearly- Point No. is not required in EKT maintenance,Ok Noted,,,,,,,,,,,,,,,,,,,,,
,Miscellaneous- Current date should be filled as default date.,Ok Noted,,,,,,,,,,,,,,,,,,,,,
,All other details of employee should be autofilled by using only Employee No.,Ok Noted,,,,,,,,,,,,,,,,,,,,,
,EKT should be autofilled by filling Point No.,Then remove EKT no. from point sheet as EKT no. is not required.,pending in edit,,,,,,,,,,,,,,,,,,,,
,Date is only required once in Page not for all Parameter,Ok Noted,,,,,,,,,,,,,,,,,,,,,
,"Date, Point No and IXL  must be available at only one place at starting of page",Ok Noted,,,,,,,,,,,,,,,,,,,,,
,Checked OK and Checked Not OK and value insertion option must be available inplace of date in front of every checkpoint,"value insertion option to available for following given point
Monthly
1-Opening (Left in mm):
2-Opening (Right in mm):",pending,,,,,,,,,,,,,,,,,,,,
,EKT maintenace sheet must be a separate sheet,Ok Noted,,,,,,,,,,,,,,,,,,,,,
,EKT no is not required in point maintenace sheet,Ok Noted,,,,,,,,,,,,,,,,,,,,,
,Name of the form shall be modified as PM-Point Machine maintenance record Depot Point Machine(IRS),Ok Noted,,,,,,,,,,,,,,,,,,,,,
,Comments for All sheets,,,,,,,,,,,,,,,,,,,,,,
,Name of the form shall be modified as PM-Point Machine Maintenance Record Depot Point Machine(IRS) in Home/All Forms Tab,Ok Noted,,,,,,,,,,,,,,,,,,,,,
,"Station name is required in every sheet Biweekly, Monthly, Quaterly","1-Station to be added in station code form.
2-Remove AFC Mainline,AFC store and test track from station dropdown",done,,,,,,,,,,,,,,,,,,,,
,"In IXL column TPD is to filled so enable for alphanumeric in place of numbers every sheet Biweekly, Monthly, Quaterly",Not Updated in Monthly and quarterly sheet,done,,,,,,,,,,,,,,,,,,,,
,Remove Check point EKT No. from every sheet,Ok Noted,,,,,,,,,,,,,,,,,,,,,
,"After saving data ,date, Employee name ,designation and employee id are not not available for every maintenace (Biweekly, Monthly, Quaterly)","1- Designation still not available 
2- Counter sign shall not be updated  automatically",pending,,,,,,,,,,,,,,,,,,,,
,After saving data when we veiw excel data period is showing in month of column,Not updated and all months are not available.Excel/PDF export is not proper,pending,,,,,,,,,,,,,,,,,,,,
,"After saving data separate file is created for same point machine every time, single file is required for data entered for same point",Not updated as For same point machine data to be filled in single sheet month wise for each frequency.,pending,,,,,,,,,,,,,,,,,,,,
,Biweekly,,,,,,,,,,,,,,,,,,,,,,
,"Done also to be added in drop down of Checked OK, Checked Not OK",Ok Noted,,,,,,,,,,,,,,,,,,,,,
,Head of Biweekly Maintenace of IRS point machine and Maintenance of Claw locks to be added as per logbook.,Not updated,pending,,,,,,,,,,,,,,,,,,,,
,Use Tongue in place of Blades in checks of Blades and Stock-Rails in good condition,Not updated,pending,,,,,,,,,,,,,,,,,,,,
,Add check point Absence of Ballast & Debris able to obstruct the movement of rods after check point absence of ballast & debris obstructing the movement of Claw Locks,Not updated,pending,,,,,,,,,,,,,,,,,,,,
,Remove (Less than 1.5 mm gap) from check point  Contact between Tongue and Stock-Rails ,Not updated,pending,,,,,,,,,,,,,,,,,,,,
,Monthly ,,,,,,,,,,,,,,,,,,,,,,
,"Done also to be added in drop down of Checked OK, Checked Not OK",Ok Noted,,,,,,,,,,,,,,,,,,,,,
,"Sub Head Cleaning and lubrication , Inspection/checks also to be added under  heading of Maintenance of IRS point machine",Not Updated,pending,,,,,,,,,,,,,,,,,,,,
,Sub Head Inspection/checks also to be added under heading Maintenance of Claw Locks and Maintenance of Drives and Back-Drives,Not Updated,pending,,,,,,,,,,,,,,,,,,,,
,Check point Opening (Left in mm) & Opening (Right in mm) is filled in numbers in place of checked OK /Checked NOK ,Not Updated,pending,,,,,,,,,,,,,,,,,,,,
,"Correct spelling  tighting , mention Condition and tightening of all bolts in check point",Not Updated,pending,,,,,,,,,,,,,,,,,,,,
,Quaterly ,,,,,,,,,,,,,,,,,,,,,,
,Mention Greasing of all the gears in check point in place of check point  Greasing of the worm and worm-wheel ,Not Updated,pending,,,,,,,,,,,,,,,,,,,,
,Head Maintenace of IRS (Quaterly) and sub head Inspection / Checks to be added along with sub head Cleaning and Lubrication as per logbook,Not Updated,pending,,,,,,,,,,,,,,,,,,,,
,Check point Quarterly Use Manual operation to be replaced with Manual operation,Not Updated,pending,,,,,,,,,,,,,,,,,,,,
,In measurement head Value filling option required in pace of Checked OK/Cheked NOK.,Not Updated,pending,,,,,,,,,,,,,,,,,,,,
,"Update quarterly frequency as January -March, April-June, July-September, October-December",Ok Noted,pending,,,,,,,,,,,,,,,,,,,,
,,,remove ; semicolon from bottom of form,,,,,,,,,,,,,,,,,,,,
,,,,,,,,,,,,,,,,,,,,,,,
EFR Register,Defect detection phase table having three field to be seperately mention,Not updated,pending,,,,,,,,,,,,,,,,,,,,
,Design word to be replaced with Designation,Ok Noted,,,,,,,,,,,,,,,,,,,,,
,Returning engineer and store in charge field should be on bottom,Ok Noted,,,,,,,,,,,,,,,,,,,,,
,"Station, section, train number, cab number, incident date , incident time to be shifted  above Description of fault mentioning complete gear id details:",Ok Noted,,,,,,,,,,,,,,,,,,,,,
,Employee name automatically filled when entering the employee id,Ok Noted,,,,,,,,,,,,,,,,,,,,,
,"Station, Section, Train number, Cab number, Incident date , Incident time to be shifted  above Description of fault -fix",Ok Noted,,,,,,,,,,,,,,,,,,,,,
,"Defect detection phase (Tick one choice) to be added before Failure Found During DLP, Failure Found During Preventive Maintenance,Failure Found During Corrective Maintenancetable  as per log book-fix",Not updated,pending,,,,,,,,,,,,,,,,,,,,
,"Sub System (Tick one choice) to be added before writing ATC CC, ATC T/S, IXL & PDU, ATS, DCS, MSS as per log book-fix",Not updated  correctlly as only one place subsystem required after that all option to be available for selecting one option,pending,,,,,,,,,,,,,,,,,,,,
,"Returning Engineer with Signature, Designation , Emp id, Date of Replacement feild should be after Description of fault mentioning complete gear id details: Lab in-charge with Signature, Designation , Emp id, Date of Collection should be after Lab remarks and Store in-charge with Signature, Designation , Emp id, Date of Collection should be after Store remarks in place place of providing these details in end.-fix",Lab incharge related remarks not updated,ok,,,,,,,,,,,,,,,,,,,,
,Incident time must be 24 hrs format & These details will be viewed by three type user so data edit option will be available a user entered data only that user will be able to edit that data only-we are working on it,Format is given now in 24 hr,ok,,,,,,,,,,,,,,,,,,,,
,,,"in edit, station column is blank",,,,,,,,,,,,,,,,,,,,
,,,,,,,,,,,,,,,,,,,,,,,
Contract Work Done Register,Contract----Contractor (on main page link ),Not updated in form list,???,,,,,,,,,,,,,,,,,,,,
,entry time and exit time to be interchnged   with each other,Ok Noted,ok,,,,,,,,,,,,,,,,,,,,
,Date field to be added ,Ok Noted,,,,,,,,,,,,,,,,,,,,,
,How  Signature of Contractor staff  to be done? Replace signature of contractor staff with name of contractor staff,"Name(Contractor Staff) and EMP ID (On duty staff ) to be removed and Name ,Designation , and Emp ID of on duty staff to be stamped automaticaly.",ok,,,,,,,,,,,,,,,,,,,,
,24  hrs. format to be available in entry exit time,"Not updated , only 24 hours format is applicatble in railways and in signalling all system and employee are sync with 24 hours format only as per railway standard.",??,,,,,,,,,,,,,,,,,,,,
,Register Sr. No. to be replaced with Serial No.,Add station in place Sr. no and Remove Serial no as in digital register serial no. is auto generated,pending,,,,,,,,,,,,,,,,,,,,
,PDF export -Some Column are hiding,Not updated,ok,,,,,,,,,,,,,,,,,,,,
,,,,,,,,,,,,,,,,,,,,,,,
,,,,,,,,,,,,,,,,,,,,,,,
Station Diary,Gang member name of all staff should be in drop down ,"Not Done.Gang members are staff that involve in the maintenance.Instead of drop down option to write name,designation, empid. Option of add row.",pending,,,,,,,,,,,,,,,,,,,,
,"Drop down should be there for charge handover/taken over for sign, name and employee id, designation .",ok noted,,,,,,,,,,,,,,,,,,,,,
,Shift Selection for A/ B/C shall be available .,ok noted,,,,,,,,,,,,,,,,,,,,,
,"Charge Taken Over From, Charge Taken Over By  Colomns (Name, Emp No, Designation,Sign) Shall be available on Top of the form while Charge Handed Over to, columns (Name, Emp No, Designation,Sign) shall be available on Bottom of the form. ",ok noted,,,,,,,,,,,,,,,,,,,,,
,There should be OK/NoK/NA in drop down menu for each check box. Upon selecting the NOK comment option should be automatically there.,"one more'' None"" required",ok,,,,,,,,,,,,,,,,,,,,
,"CLC status & Change over to be marked from drop down menu list N,R,N to R, R to N.","not Done.This dropdown Option is not required against each row. It should be in front of ""CLC Changeover"" status only.Drop down of select are also incorrect. It should be only ""N"" ,""R"" ,""N to R"" , ""R to N"" .",ok,,,,,,,,,,,,,,,,,,,,
,In station colume drop down of all 21 station and depot shall be available.,AFC Mainline and store to be removed ,ok,,,,,,,,,,,,,,,,,,,,
,"Ixl zone drop down  TPD,TPNR,HSGJ,IDNM shall be available.",ok noted,,,,,,,,,,,,,,,,,,,,,
,why use select and select status     ,"Select status shall be infront of each row except CLC changeover. Select option shall be infront of ""CLC Changeover"" only.

Drop down of select are also incorrect. It should be only ""N"" ,""R"" ,""N to R"" , ""R to N"" .",ok,,,,,,,,,,,,,,,,,,,,
,point operation done/not done      ,ok noted,,,,,,,,,,,,,,,,,,,,,
,CLC changeover not proper       ,"not Done. Select option shall be infront of ""CLC Changeover"" only.

Drop down of select are also incorrect. It should be only ""N"" ,""R"" ,""N to R"" , ""R to N"" .",ok,,,,,,,,,,,,,,,,,,,,
,GANGE MEMBER NAME       ,"name written required only no drop down.
Gang members are staff that involve in the maintenance.Instead of drop down option to write name,designation, empid. Option of add row.",,,,,,,,,,,,,,,,,,,,,
,,,,,,,,,,,,,,,,,,,,,,,
,data not save,ok noted,,,,,,,,,,,,,,,,,,,,,
,,,edit not working,,,,,,,,,,,,,,,,,,,,
,,,,,,,,,,,,,,,,,,,,,,,
SER entry,"drop down menu should be there for all staff for name,id, desig etc. and auto filled after typing initial letter",Station name shall come first then Name then designation. EMP Id option of the employee is missing.,pending,,,,,,,,,,,,,,,,,,,,
,column should be there for people outside UPMRCL.,ok noted,pending,,,,,,,,,,,,,,,,,,,,
,Name of station column shall be in dropdown.,AFC Mainline and store to be removed .Station name shall come first ,ok,,,,,,,,,,,,,,,,,,,,
,Date of Entry column shall be added.,ok noted,,,,,,,,,,,,,,,,,,,,,
,Visitor's Sign colum shall be renammed as Visitor's Name.,ok noted,,,,,,,,,,,,,,,,,,,,,
,"Correct Ser to ""SER"" ",ok noted,,,,,,,,,,,,,,,,,,,,,
,Entry and Exit Time shall be in 24 Hrs format.,ok noted,,,,,,,,,,,,,,,,,,,,,
,DATA NOT SAVE ,,,,,,,,,,,,,,,,,,,,,,
,,,,,,,,,,,,,,,,,,,,,,,
Fan Rack Cleaning,Name of station should be in drop down on Top left,AFC Mainline and store to be removed ,pending,,,,,,,,,,,,,,,,,,,,
,Name of Cabinet column shall be added on Top middle.,ok noted,ok,,,,,,,,,,,,,,,,,,,,
,Date of maintenance drop down (calender) should be there on top right.. ,ok noted,pending,,,,,,,,,,,,,,,,,,,,
,"Name,Emp no,Designation, Signature coloums shall be after the remerk coumns. Counter Signature Column shall be on Bottom.",ok noted,,,,,,,,,,,,,,,,,,,,,
,"Heads of Check list should have drop down of Done,Checked Okay,Chceked NOK, N/A.",ok noted,,,,,,,,,,,,,,,,,,,,,
,DATA NOT SAVE ,ok noted,??,,,,,,,,,,,,,,,,,,,,
,Maintenance date not available,ok noted,,,,,,,,,,,,,,,,,,,,,
,Supervisor name & Gang Members Name filed not available,Designation not there,,,,,,,,,,,,,,,,,,,,,
,,,,,,,,,,,,,,,,,,,,,,,
Indoor Box cleaning,Calender /date is getting opened in every check box. Rather drop dwon should have Done/ok/Nok/NA,ok noted,,,,,,,,,,,,,,,,,,,,,
,Date should be only at one place on top.,ok noted,,,,,,,,,,,,,,,,,,,,,
,"As per hard copy present , the cubicle cleaning schedule is quarterly but here in digital format it is half yearly.",ok noted,,,,,,,,,,,,,,,,,,,,,
,Name of station should be in drop down on Top left,AFC Mainline and store to be removed ,,,,,,,,,,,,,,,,,,,,,
,Name of Cabinet column shall be added on Top middle.,After saving the form when use edit option Cabinet Dropdown are incorrect and get change.,ok,,,,,,,,,,,,,,,,,,,,
,Date of maintenance drop down (calender) should be there on top right.,ok noted,,,,,,,,,,,,,,,,,,,,,
,"Name,Emp no,Designation, Signature column shall be after the remark column. Counter Signature Column shall be on Bottom.",not done ,,,,,,,,,,,,,,,,,,,,,
,"Heads of Check list should have drop down of Done,Checked Okay,Chceked NOK, N/A.",ok noted,,,,,,,,,,,,,,,,,,,,,
,Maintenance schedule to be Changed to Quarterly,ok noted,,,,,,,,,,,,,,,,,,,,,
,DATA NOT SAVE ,ok noted,,,,,,,,,,,,,,,,,,,,,
,,,EMP No is blank in edit-DONE,,,,,,,,,,,,,,,,,,,,
,,,Emp ID spelling is wrong in view DONE,,,,,,,,,,,,,,,,,,,,
,,,,,,,,,,,,,,,,,,,,,,,
outdoor Box cleaning,Calender /date is getting opened in every check box. Rather drop dwon should have Done/ok/Nok/NA,ok noted,,,,,,,,,,,,,,,,,,,,,
,Date should be only at one place on top.,ok noted,,,,,,,,,,,,,,,,,,,,,
,We don't have out door box maintenance record seperatly in hard copy.,not done ,,,,,,,,,,,,,,,,,,,,,
,Name of station should be in drop down on Top left,AFC Mainline and store to be removed ,ok,,,,,,,,,,,,,,,,,,,,
,Name of Outdoor Cabinet column shall be added on Top middle.,not done .Outdoor box name to be fill .,pendong -DONE,,,,,,,,,,,,,,,,,,,,
,Date of maintenance drop down (calender) should be there on top right.,ok noted,,,,,,,,,,,,,,,,,,,,,
,"Name,Emp no,Designation, Signature coloums shall be after the remerk coumns. Counter Signature Column shall be on Bottom.",not done. Name of employee not availble.,pending-DONE,,,,,,,,,,,,,,,,,,,,
,"Heads of Check list should have drop down of Done,Checked Okay,Chceked NOK, N/A.",ok noted,,,,,,,,,,,,,,,,,,,,,
,Name of the form to be changed to Outdoor Junction/Repeater Box Cleaning.,not done.In PDF generated Form name is not correct,pending-DONE,,,,,,,,,,,,,,,,,,,,
,Column having Outdoor box Name infront of every activity is to be removed.,not done .Outdoor box name to be fill .,pending- Changed froelect to input,,,,,,,,,,,,,,,,,,,,
,Counter name is to be removed.,ok noted,,,,,,,,,,,,,,,,,,,,,
,Outdoor box name should be selectable,not done .Outdoor box name to be fill .,pending-Changed froelect to input,,,,,,,,,,,,,,,,,,,,
,Cleaning activity heading should be above type of activity.,ok noted,,,,,,,,,,,,,,,,,,,,,
,DATA NOT SAVE ,ok noted,,,,,,,,,,,,,,,,,,,,,
,Outdoor box name should be selectable & Cleaning activity heading should be above type of activity.,Outdoor box name to be fill .,pending-Changed froelect to input,,,,,,,,,,,,,,,,,,,,
,,,,,,,,,,,,,,,,,,,,,,,
Measurement of Voltage at MCB in PDC SIX MONTHLY MAINTENANCE RECORD,Calender /date is getting opened in every check box. Rather drop dwon should have value of voltage.,ok noted,,,,,,,,,,,,,,,,,,,,,
,Date should be only at one place on top.,ok noted,,,,,,,,,,,,,,,,,,,,,
,Name of station should be in drop down on Top left.,AFC Mainline and store to be removed ,,,,,,,,,,,,,,,,,,,,,
,Date of maintenance drop down (calender) should be there on top right.,ok noted,,,,,,,,,,,,,,,,,,,,,
,"Checks for Lamp Indication ,ELD,VMR should have dropdown option of Checked Okay,Chceked NOK.",ok noted,,,,,,,,,,,,,,,,,,,,,
,"Measurement for provions of incomer voltage from UPS at MCB 1,4,5,6 shall be provided - R-Y,Y-B,R-B.",ok noted,,,,,,,,,,,,,,,,,,,,,
,"Add provison of  3 phase Voltage measuremenon MCB 2 & 3 for output voltage measurement like R-Y,Y-B,R-B and R-N,Y-N,B-N.",ok noted,,,,,,,,,,,,,,,,,,,,,
,Add Provision of 69 MCB's from MCB 7 to 75 for Single phase AC / DC measurement. Alternatively Provision shall be provided for adding MCB's after defalt list of 25 MCB's (MCB7-MCB 32), added MCB  working but value can not be written.In the edit option add MCB option not availble.,pending-adding upto 25,,,,,,,,,,,,,,,,,,,,
,Drop Down/ Check Box for selection of AC/DC voltage shall be provisoned in every measurement.,ok noted,,,,,,,,,,,,,,,,,,,,,
,"Name,Emp no,Designation, Signature coloums shall be after the remerk coumns. Counter Signature Column shall be on Bottom.",not done.Designation is not generated in PDF View.,pending,,,,,,,,,,,,,,,,,,,,
,DATA NOT SAVE ,ok noted,,,,,,,,,,,,,,,,,,,,,
,Supervisor Name & Gang Members Name is not available,not done,pending,,,,,,,,,,,,,,,,,,,,
,MCB adding option not available, added MCB  working but value can not be input.,pending,,,,,,,,,,,,,,,,,,,,
,,,,,,,,,,,,,,,,,,,,,,,
Under FALSE FLOOR CLEANING SIX MONTHLY MAINTENANCE RECORD,Calender /date is getting opened in every check box. Rather drop dwon should have Done/ok/Nok/NA,ok noted,,,,,,,,,,,,,,,,,,,,,
,Name of station should be in drop down on Top left,AFC Mainline and store to be removed ,,,,,,,,,,,,,,,,,,,,,
,Date of maintenance drop down (calender) should be there on top right.,ok noted,,,,,,,,,,,,,,,,,,,,,
,"Name,Emp no,Designation, Signature coloums shall be after the remerk coumns. Counter Signature Column shall be on Bottom.","Name EMP Deg filling option is availble but after saving Name is auto generated EMP ID/Desig is from the filled form.
It is not uniform across the forms.",,,,,,,,,,,,,,,,,,,,,
,"Heads of Check list should have drop down of Done,Checked Okay,Chceked NOK, N/A.1.",ok noted,,,,,,,,,,,,,,,,,,,,,
,All Checks should be in row's.,ok noted,,,,,,,,,,,,,,,,,,,,,
,DATA NOT SAVE ,,,,,,,,,,,,,,,,,,,,,,
,,,edit option not available,,,,,,,,,,,,,,,,,,,,
,,,excel export not working in view,,,,,,,,,,,,,,,,,,,,
,,,,,,,,,,,,,,,,,,,,,,,
SMPS SIX MONTHLY MAINTENANCE RECORD,DATA NOT SAVE ,,,,,,,,,,,,,,,,,,,,,,
,Station Name Missing,AFC Mainline and store to be removed ,,,,,,,,,,,,,,,,,,,,,
,,,station is not available in edit,,,,,,,,,,,,,,,,,,,,
,,,final submit redirecting to dashboard,,,,,,,,,,,,,,,,,,,,
,,,,,,,,,,,,,,,,,,,,,,,
ESP quarterly Maintenance,"digital format, not mentioned ESP UP PF, ESP DN PF and ESP SCR as mentioned in logbook.",ok noted,,,,,,,,,,,,,,,,,,,,,
,Name of station should be in drop down on Top left,AFC Mainline and store to be removed ,,,,,,,,,,,,,,,,,,,,,
,Date of maintenance drop down (calender) should be there on top right.,ok noted,,,,,,,,,,,,,,,,,,,,,
,"Name,Emp no,Designation, Signature coloums shall be after the remerk coumns. Counter Signature Column shall be on Bottom.",not done ,pending,,,,,,,,,,,,,,,,,,,,
,"Heads of Check list should have drop down of Done,Checked Okay,Chceked NOK, N/A.",ok noted,,,,,,,,,,,,,,,,,,,,,
,Name of the ESP like ESP DN/ESP UP/ESP SCR shall be mentioned for the checks being carried out.,Not Proper.ESP UP/ESP DN/ ESP SCR are the equipment name.It is added in front of every activity which is not correct.,????,,,,,,,,,,,,,,,,,,,,
,"selection of UP,DN,SCR ARE separate   ",Not Proper.ESP UP/ESP DN/ ESP SCR are the equipment name.It is added in front of every activity which is not correct.,????,,,,,,,,,,,,,,,,,,,,
,data not save,ok noted,,,,,,,,,,,,,,,,,,,,,
,,,,,,,,,,,,,,,,,,,,,,,
Earth Connectiovity & Continuity YEARLY MAINTENANCE RECORD,Yearly maintenance mentioned in place of 'quarterly maintenance'.,"not done. At the list of form.

Admin List View-Incorrect spelling of connectivity.",,,,,,,,,,,,,,,,,,,,,
,"Point no. 1, 2, 3, 4 in digital format are little bit mismatch from 'hard copy logbook 2024'. ",,,,,,,,,,,,,,,,,,,,,,
,"Pont no. 5, 6 and 7 of logbook missing in digital format.","6.
7.",,,,,,,,,,,,,,,,,,,,,
,Calender /date is getting opened in every check box rather drop dwon should have Done/ok/Nok/NA.,ok noted,,,,,,,,,,,,,,,,,,,,,
,Date should be only at one place on top.,ok noted,,,,,,,,,,,,,,,,,,,,,
,data not save ,ok noted,,,,,,,,,,,,,,,,,,,,,
,earth value not written,ok noted,,,,,,,,,,,,,,,,,,,,,
,date missing,ok noted,,,,,,,,,,,,,,,,,,,,,
,,Working,excell not working,,,,,,,,,,,,,,,,,,,,
,,,,,,,,,,,,,,,,,,,,,,,
PM - Point Machine maintenance record,DATE is missing and it should be Added in 1st row and 1st column,Date is added in form but not shown in PDF view,,,,,,,,,,,,,,,,,,,,,
,"box in front of maintenance activity open date, it should be done, not done or remark",OK Noted,,,,,,,,,,,,,,,,,,,,,
,Not possible to check list without submitting maintenance record,OK Noted,,,,,,,,,,,,,,,,,,,,,
,"point name should end with suffix ""P"" .",OK Noted,,,,,,,,,,,,,,,,,,,,,
,Name of the form shall be modified as PM-Point Machine maintenance record Main Line Point Machine(MJ),Not done in the form list,,,,,,,,,,,,,,,,,,,,,
,IN BIWEEKLY SELECTION only done /not done available additional (ok/nok) required,OK Noted,,,,,,,,,,,,,,,,,,,,,
,Same in monthly SELECTION only done /not done available (ok/nok) required and opening whitten in remark because no space for selection collume,OK Noted,,,,,,,,,,,,,,,,,,,,,
,quarterly SELECTION only done /not done available (ok/nok) required,OK Noted,,,,,,,,,,,,,,,,,,,,,
,current commune done /not done not required,"1. Not done. 
2.Current Values in Amps to be write in this head.
3. R shall be start from next row in each activity",,,,,,,,,,,,,,,,,,,,,
,data not save,After submit directed to dashboard view.Although data getting save.,,,,,,,,,,,,,,,,,,,,,
,Form for Six monthly EKT shall be separate ,Seperated but also availble in this form.,,,,,,,,,,,,,,,,,,,,,
,,,entry not working,,,,,,,,,,,,,,,,,,,,
,,,,,,,,,,,,,,,,,,,,,,,
Color Light miantenance,DATE is missing and it should be Added in 1st row and 1st column,Ok Noted,,,,,,,,,,,,,,,,,,,,,
,"box in front of maintenance activity open date, it should be done, not done or current voltage retings",Ok Noted,,,,,,,,,,,,,,,,,,,,,
,Not possible to check list without submitting maintenance record,Ok Noted,,,,,,,,,,,,,,,,,,,,,
,Only date added in front of every maintenance activity not value in list,Ok Noted,,,,,,,,,,,,,,,,,,,,,
,Signal name should END with Suffix RS/BS.,RS and BS shall be in capital letter,pending,,,,,,,,,,,,,,,,,,,,
,In only done /not done available (ok/nok) required,Ok Noted,,,,,,,,,,,,,,,,,,,,,
,data not save,Ok Noted,,,,,,,,,,,,,,,,,,,,,
,,,final submit redirecting to dashboard,,,,,,,,,,,,,,,,,,,,
,,,,,,,,,,,,,,,,,,,,,,,
Axel counter Maintenance,DATE is missing and it should be Added in 1st row and 1st column,ok noted,,,,,,,,,,,,,,,,,,,,,
,"box in front of maintenance activity open date, it should be done, not done or current voltage retings",ok noted,,,,,,,,,,,,,,,,,,,,,
,Not possible to check list without submitting maintenance record,ok noted,,,,,,,,,,,,,,,,,,,,,
,maintenance record not possible to save,ok noted,,,,,,,,,,,,,,,,,,,,,
,list not match with maintenance record,ok noted,,,,,,,,,,,,,,,,,,,,,
,in list if we click on edit it open other type of record which is not maintenance record,ok noted,,,,,,,,,,,,,,,,,,,,,
,name missing add smio zone 2nd page wrong,Comment is not for axle counter .May be of some other logbook,??,,,,,,,,,,,,,,,,,,,,
,in power supply voltage same as A/B,ok noted,,,,,,,,,,,,,,,,,,,,,
,DATA NOT SAVE,ok noted,,,,,,,,,,,,,,,,,,,,,
,axel replace as axle,User and admin list View - Not Done,,,,,,,,,,,,,,,,,,,,,
,,,,,,,,,,,,,,,,,,,,,,,
EKT MAINTENANCE REGISTER,"IXL(tpnr,tpd,hsgj,idnm) Collume name selecton not 1,2,3",Word register shall be replace with Logbook.,,,,,,,,,,,,,,,,,,,,,
,,,finale submit redirecting to dashboard,,,,,,,,,,,,,,,,,,,,
,,,,,,,,,,,,,,,,,,,,,,,
Gate Pass,There is no role of Book no in Gate pass.,Done,,,,,,,,,,,,,,,,,,,,,
,The serial no of Gate Pass should be automatically.,"Done
",,,,,,,,,,,,,,,,,,,,,
,Only 3 row are available . There should be add function for adding more row.,Done,,,,,,,,,,,,,,,,,,,,,
,The form should not be submitted on pressing the ENTER Key rather it should go next block. There should be preview option before final submission.,Done,,,,,,,,,,,,,,,,,,,,,
,Remove book no also from view option&edit option,Done,,,,,,,,,,,,,,,,,,,,,
,Stations automatically is not fetching ,"Not Done,When open 'click here to view' options Station  automatically is not fetching. Station name is blank. ",,,,,,,,,,,,,,,,,,,,,
,,,,,,,,,,,,,,,,,,,,,,,
Ledger Signalling,Page is not opening. Also from the page is not opening from admin profile.,"Not Done,
The page of ""click here to fill option"" is not openinig From Admin and User profile.",,,,,,,,,,,,,,,,,,,,,
,,,,,,,,,,,,,,,,,,,,,,,
Daily Transaction Register,Create two different forms in DTR -A)DTR RECEIPTS    B)DTR ISSUES,Done,,,,,,,,,,,,,,,,,,,,,
,"The form provided in this is mainly of DTR receipt as it contains options like from whom received ,so name this form as DTR RECEIPT",Done,,,,,,,,,,,,,,,,,,,,,
,"Create another  form as DTR ISSUES and provide    options  'to whom issued 'and 'sign of issuer' , (instead of  'from whom received' and 'sign of receiver' as in DTR form provided )",Done,,,,,,,,,,,,,,,,,,,,,
,Date option also to be provided on top of the page ,"Not Done,There should be  editable  date in DTR Reciept and DTR Issue.",in edit date is missing,,,,,,,,,,,,,,,,,,,,
,All other details of employee should be autofilled by using only Employee No,"Not Done,There should be an Option For emp. ID. and by filling emp. Id,All other details of employee should be autofilled in both Form   DTR Reciept and DTR Issue.",,,,,,,,,,,,,,,,,,,,,
,Provide one serial no option along with description of material in both forms,Done,,,,,,,,,,,,,,,,,,,,,
,DTR Receipt:,,,,,,,,,,,,,,,,,,,,,,
,there should be add function for adding&editing  material ID through Admin in DTR receipt ,"Done, Implementation steps as edit funtion is available with admin only?Admin edit history also to be available ",,,,,,,,,,,,,,,,,,,,,
,there should be invoice/challan/HO note/output bond in DTR-receipt form and there should be invoice/challan/HO note date in place of date in DTR receipt.,"Not done
 1. There should be invoice/challan/HO note in Place of Requisition Slip.
 2.There should be invoice/challan/HO note Date in Place of Requisition Slip Date.",pending in edit,,,,,,,,,,,,,,,,,,,,
,Date option  to be provided on top of the page of DTR Receipt.,"Not Done,There should be  editable  date in DTR Reciept and DTR Issue.",in edit date is missing,,,,,,,,,,,,,,,,,,,,
,Provide organization name along with EMP ID (if applicable) and remarks(if any) in from whom receive section of DTR receipt,"Partially Done, Provide EMP ID  in from whom receive section of DTR receipt and by filling emp. Id,All other details of employee should be autofilled in both Form   DTR Reciept and DTR Issue. ",,,,,,,,,,,,,,,,,,,,,
,Remove the ledger no & for what work in DTR Receipt.,"Partially Done,Remove 'for what work' in DTR Receipt",pending,,,,,,,,,,,,,,,,,,,,
,"Provide the search box for material ID on the top of right side. ( if spare are searched by name, there should be display of material ID of that spare)",Not Done,,,,,,,,,,,,,,,,,,,,,
,"Provide adding function in serial no , material ID,decription of material,quantity  for eg. if quantitiy is more than one , the serial no of each spare will be different and if  more than one spare with same invoice/challan no/HO note/Output bond","Not Done, Provide adding function in serial no , material ID,decription of material,quantity  for eg. if quantitiy is more than one , the serial no of each spare will be different and if  more than one spare with same invoice/challan no/HO note/Output bond",,,,,,,,,,,,,,,,,,,,,
,DTR :Issue,,,,,,,,,,,,,,,,,,,,,,
,Date option  to be provided on top of the page .,"Not Done,There should be  editable  date in DTR Reciept and DTR Issue.",pending,,,,,,,,,,,,,,,,,,,,
,Provide Material ID and adding& editing of material ID through Admin,"Material Description is editable while material ID is not provided .Provide the material ID like code in place of ""Select Material Option"" which should be different from Material Description and material ID should be linked from Material Description.",pending,,,,,,,,,,,,,,,,,,,,
,"Provide the search box for material ID on the top of right side. ( if spare are searched by name, there should be display of material ID of that spare)",Not Done,pending,,,,,,,,,,,,,,,,,,,,
,Remove ledger No/Page no ,Done,,,,,,,,,,,,,,,,,,,,,
,"Provide serial no option and adding function in serial no, material id, description of material & quantity for eg. if quantitiy is more than one , the serial no of each spare will be different.","Not Done, Provide serial no option and adding function in serial no, material id, description of material & quantity for eg. if quantitiy is more than one , the serial no of each spare will be different.",??,,,,,,,,,,,,,,,,,,,,
,Remove the invoice and add Requition no/HO note in place of challan no and add Requition no/HO note date in place of challan no.,"Done,What is FMTS?It was not in our formate.",pending,,,,,,,,,,,,,,,,,,,,
,Add Emp ID and organization in to whom issued section.,"Not Done, Provide EMP ID  in from whom Issue section of DTR Issue",pending,,,,,,,,,,,,,,,,,,,,
,Add remarks option in place of what work.,Done,,,,,,,,,,,,,,,,,,,,,
,Provide issuer name along with Designation & Emp Id .,"Not Done, Provide EMP ID  in from whom Issue section of DTR Issue",pending,,,,,,,,,,,,,,,,,,,,
,Both DTR Issues and Receipt should be in printable nature after submission.,Done,,,,,,,,,,,,,,,,,,,,,
,the form should not be submitted on pressing the ENTER Key rather it should go next block.,Not Done,pending,,,,,,,,,,,,,,,,,,,,
,There should be preview option before final submission.,Done,,,,,,,,,,,,,,,,,,,,,
,DTR Receipt:,,,,,,,,,,,,,,,,,,,,,,
,Remove Ledger No / Page no from edit option,Done,,,,,,,,,,,,,,,,,,,,,
,"In invoice section of edit option, there should be same as the front page. ","Not done
 1. There should be invoice/challan/HO note in Place of Requisition Slip in both front and edit page 
 2.There should be invoice/challan/HO note Date in Place of Requisition Slip Date in front and edit page.
3. Provide the material ID like code in place of ""Select Material Option"" which should be different from Material Description and material ID should be linked from Material Description in Front Page and Provide the material ID in edit option also .",pending,,,,,,,,,,,,,,,,,,,,
,There is no indication after pressing save icon,"Not Done,There is no indication after pressing save icon",pending,,,,,,,,,,,,,,,,,,,,
,"After receing the item, there in no upation in ""from whom received"" of ledger.",Not Done,ok,,,,,,,,,,,,,,,,,,,,
,"In edit option, provide the serial no option so that we can edit the serial no.", Done,,,,,,,,,,,,,,,,,,,,,
,There is no option for remarks while in ledger there is a option remarks.,"Partially Done,if any Remarks is given in DTR issue and Reciept, there is no updation in ledger signalling",pending,,,,,,,,,,,,,,,,,,,,
,DTR Issue:,,,,,,,,,,,,,,,,,,,,,,
,Remove Ledger No / Page no from edit option , Done,,,,,,,,,,,,,,,,,,,,,
,"In invoice section of edit option, there should be same as the front page.",Not Done,pending,,,,,,,,,,,,,,,,,,,,
,Seperate for what work and location in different box of front page as like edit option,"Not Done, Provide only Location in Place of "" For what work and location"" in Both Front Page and Edit Page.",pending,,,,,,,,,,,,,,,,,,,,
,"Provide adding function in serial no   for eg. if quantitiy is more than one , the serial no of each spare will be different and if  more than one spare with same invoice/challan no/HO note/Output bond.","Provide adding function in serial no for eg. if quantitiy is more than one , the serial no of each spare will be different and if more than one spare with same invoice/challan no/HO note/Output bond.",pending,,,,,,,,,,,,,,,,,,,,
,Serch option of DTR issue is not working proper also from the date section.,Done,,,,,,,,,,,,,,,,,,,,,
,"In edit option, provide the serial no option so that we can edit the serial no.",Done,,,,,,,,,,,,,,,,,,,,,
,There is no option for remarks while in ledger there is a option remarks.,"Partially Done,if any Remarks is given in DTR issue and Reciept, there is no updation in ledger signalling",pending,,,,,,,,,,,,,,,,,,,,
,,,,,,,,,,,,,,,,,,,,,,,
Handing Taking Note Permanent Loan Register,H.O note serial no should be assigned automatically,"Not Done,H.O note serial no should be assigned automatically",,,,,,,,,,,,,,,,,,,,,
, Forwarded by (if any)' option to be provided at end of the page,Done,,,,,,,,,,,,,,,,,,,,,
,Counter sign' option to be provided at end of the page,Done,,,,,,,,,,,,,,,,,,,,,
,All other details of employee should be autofilled by using only Employee No,All other details of employee should be autofilled by using only Employee No,,,,,,,,,,,,,,,,,,,,,
,The form should not be submitted on pressing the ENTER Key rather it should go next block.,Done,,,,,,,,,,,,,,,,,,,,,
,There should be preview option before final submission.,Done,,,,,,,,,,,,,,,,,,,,,
,provide material ID,"Not Done,provide material ID.",,,,,,,,,,,,,,,,,,,,,
,"Provide adding function in serial no, material id, description of material & quantity for eg. if quantitiy is more than one , the serial no of each spare will be different.","Provide adding function in serial no, material id, description of material & quantity for eg. if quantitiy is more than one , the serial no of each spare will be different.",,,,,,,,,,,,,,,,,,,,,
,provide dropdown in defective/servicable/repaired,Not Done,pending,,,,,,,,,,,,,,,,,,,,
,Remove Auth.ref. no.,Not Done,pending,,,,,,,,,,,,,,,,,,,,
,Form should be printable  after submission.,"Partially Done,There Should be Full page not print.",pending,,,,,,,,,,,,,,,,,,,,
,Part no should not be mandatory.If mandatory then allow the alphanumeric & special cahracter.,"Not Done,Part no should not be mandatory.If mandatory then allow the alphanumeric & special cahracter.",pending,,,,,,,,,,,,,,,,,,,,
,"In serial no, allow alphanumeric & special character","Not Done,In serial no, allow alphanumeric & special character",pending,,,,,,,,,,,,,,,,,,,,
,Remove Auth.ref. no,"Not Done,Remove Auth.ref. no",pending,,,,,,,,,,,,,,,,,,,,
,"After submitting, it directs to main menu page while it should be remain same that page.","Not Done,After submitting, it directs to main menu page while it should be remain same that page.",pending,,,,,,,,,,,,,,,,,,,,
,The page is not complete after downloading.,"Not Done,The page is not complete after downloading.",pending,,,,,,,,,,,,,,,,,,,,
,Remove action column from view (intermittent working),"Not Done,Remove action column from view (intermittent working)",,,,,,,,,,,,,,,,,,,,,
,Search option is not fully working if we search from item description.," Not Done,Search option is not fully working if we search from item description.
",pending,,,,,,,,,,,,,,,,,,,,
,,,final submit redirecting to dahbord,,,,,,,,,,,,,,,,,,,,
,,,,,,,,,,,,,,,,,,,,,,,
Shunt Signal Maintenance,Unit are only required for Voltage and Current for Voltage (Volt) and Current (mA)    ,Done,,,,,,,,,,,,,,,,,,,,,
,Current date should be filled as default date.,Done,,,,,,,,,,,,,,,,,,,,,
,All other details of employee should be autofilled by using only Employee No.,Done,,,,,,,,,,,,,,,,,,,,,
,EKT should be autofilled by filling Point No.,NA,,,,,,,,,,,,,,,,,,,,,
,Date is only required once in Page not for all Paramet,Done,,,,,,,,,,,,,,,,,,,,,
,Signal no. to be provided on top of the page only                                  ,DONE,,,,,,,,,,,,,,,,,,,,,
,"IXL option to be removed from the form,no relevance here",DONE,,,,,,,,,,,,,,,,,,,,,
,Provide dropdown for signal no.,"Not Done,Provide dropdown for signal no.",pending,,,,,,,,,,,,,,,,,,,,
,"Unit are only required for Voltage and Current , for Voltage (Volt) and Current (mA)",DONE,,,,,,,,,,,,,,,,,,,,,
,"Add the checked by ( Name, Designation, Employee ID) and  Automatically fetch  Emp ID via login ID.",DONE,,,,,,,,,,,,,,,,,,,,,
,"In Sr. no 1, 4 & 7 , there should be dropdown of done/not done/NA",DONE,,,,,,,,,,,,,,,,,,,,,
,"In Sr no 2,3,5,6,8 &9 , there should be dropdown of ok/nok.",DONE,,,,,,,,,,,,,,,,,,,,,
,Employee Designation is not fetching in view option..,"Not Done, Employee Designation is not fetching in view option.",pending,,,,,,,,,,,,,,,,,,,,
,"Mismatching in Signature,designation,Counter signation , empployee no.",Done,,,,,,,,,,,,,,,,,,,,,
,Station is not fetching automatically in view option.,Not Done,,,,,,,,,,,,,,,,,,,,,
,There should be a column of signal no. in view option.,Not Done,ok,,,,,,,,,,,,,,,,,,,,
,"BY date, filter is not working properly.",Working,,,,,,,,,,,,,,,,,,,,,
,,,"search not working properly with pagination, date filter filter issue",,,,,,,,,,,,,,,,,,,,
,,,final submit redirecting to dashboard,,,,,,,,,,,,,,,,,,,,
,,,,,,,,,,,,,,,,,,,,,,,
Incident Register Signals,DATE is missing and it should be Added in 1st row and 1st column,OK noted,done,,,,,,,,,,,,,,,,,,,,
,TIME is missing and it should be Added in 1st row and 2nd column,OK noted,pending,,,,,,,,,,,,,,,,,,,,
,Details Of Incident should be in 2nd row,OK noted,,,,,,,,,,,,,,,,,,,,,
,"Reported To, should be in 3nd row and 1st column ","Not done,Name Designation should be there for reported to also.",,,,,,,,,,,,,,,,,,,,,
,Employee ID  should be in 3nd row and 2nd column after that when Employee ID Filled then Name and  Designation should be auto filled according to Employee ID. ,OK noted Auto Fill not done.,pending,,,,,,,,,,,,,,,,,,,,
,NAME is missing and it should be Added in 4th row and 1st column,OK noted,,,,,,,,,,,,,,,,,,,,,
,Designation is missing and it should be Added in 4th row and 2nd column,OK noted,,,,,,,,,,,,,,,,,,,,,
,Remark should be in 5th row ,OK noted,,,,,,,,,,,,,,,,,,,,,
,"Sometimes, entered data is not getting updated",Not Done. Edit is also possible after Submit,ok,,,,,,,,,,,,,,,,,,,,
,"An additional row should be inserted between 2nd row and 3rd row. In that row, first column should contain ' Reported by' and 2nd column should contain 'Designation' and 3rd column should contain  'Emp ID'.",OK noted,,,,,,,,,,,,,,,,,,,,,
,,,edit not working,,,,,,,,,,,,,,,,,,,,
,,,date and time is missing in edit page,,,,,,,,,,,,,,,,,,,,
,,,,,,,,,,,,,,,,,,,,,,,
INSPECTION REGISTER,DATE is missing and it should be Added in 1st row and 1st column,Date is available in form but not reflecting in saved data,station is missing in edit,,,,,,,,,,,,,,,,,,,,
,Enter Observation/Inspection should be in 1st row and 2st column,Ok Noted,pending,,,,,,,,,,,,,,,,,,,,
,Employee No is missing and it should be added in 2nd row and 1st column after that when Employee No Filled then Name and  Designation should be auto filled according to Employee No. ,Ok Noted,,,,,,,,,,,,,,,,,,,,,
,NAME is missing and it should be Added in 2nd row and 2nd column,"Replace ""Reported by"" to ""Inspected by"".
","in edit , pending",,,,,,,,,,,,,,,,,,,,
,Designation is missing and it should be Added in 3rd row and 1st column,Ok Noted,,,,,,,,,,,,,,,,,,,,,
,Remark is missing and it should be Added in 3rd row and 2nd column,Ok Noted,,,,,,,,,,,,,,,,,,,,,
,"An additional row should be inserted between 1st row and 2nd row. In that row, first column should contain ' Inspected by' and 2nd column should contain 'Designation' and 3rd column should contain  'Emp ID'.","Not a new requirement. Requirement was given for adding 'NAME' but in place of that 'Reported by' was added. So reported by should be replaced with 'Inspected by' and it should be reflected in saved data also.

Replace ""Reported by"" to ""Inspected by"".","in edit , pending",,,,,,,,,,,,,,,,,,,,
,"Sometimes, entered data is not getting updated.",Ok Noted,,,,,,,,,,,,,,,,,,,,,
,,,Inspection Date spelling is wrong in table,,,,,,,,,,,,,,,,,,,,
,,,,,,,,,,,,,,,,,,,,,,,
Signal failure register,Not possible to add new failure,"After using edit option detail are missing(Date/Time,System, Gear ID) System and gear ID are not able to be select from drop down.",pending,,,,,,,,,,,,,,,,,,,,
,Rectification duration not calculating automatically,Ok Noted,,,,,,,,,,,,,,,,,,,,,
,we can add drop down for failure description,Drop down will be provided. Along with drop down with Other option to fill manually .,pending,,,,,,,,,,,,,,,,,,,,
,Replace the word ''Attended'' with ''Attended time'' and ''Rectified'' with ''Rectified time''.,,,,,,,,,,,,,,,,,,,,,,
,,,,,,,,,,,,,,,,,,,,,,,
ATS cabinet maintenance Monthly,Form heading ''Box cleaning six monthly maintenance records'' to be replaced with ''Box cleaning Monthly maintenance records ''.,"""Box Cleaning Monthly Maintenance Records"" to be Replace with ""ATS Cabinet Maintenance Records"".",pending,,,,,,,,,,,,,,,,,,,,
,DATE is missing and it should be Added in 1st row and 1st column,Date of filling the form is auto captured but date of maintenance cannot be auto captured. Provide Maintenance Date Option.,missing in edit,,,,,,,,,,,,,,,,,,,,
,"box in front of maintenance activity open date, it should be done, not done or remark",Ok Noted,,,,,,,,,,,,,,,,,,,,,
,Not possible to check list without submitting maintenance record,Ok Noted,,,,,,,,,,,,,,,,,,,,,
,DATE is missing and it should be Added in 1st row 2nd column.,Date of filling the form is auto captured but date of maintenance cannot be auto captured.,missing in edit,,,,,,,,,,,,,,,,,,,,
,"In 2nd row first column, ''Cleaning of maintenance activity'' to be replaced with '' Maintenance activity''.",Ok Noted,,,,,,,,,,,,,,,,,,,,,
,,,final submit not redirecting to dashboard,,,,,,,,,,,,,,,,,,,,
,,,edit not working,,,,,,,,,,,,,,,,,,,,
,,,,,,,,,,,,,,,,,,,,,,,
ATS Half Yearly Maintenance,DATE is missing and it should be Added in 1st row and 1st column,OK Noted,,,,,,,,,,,,,,,,,,,,,
,"box in front of maintenance activity open date, it should be done, not done or remark","After selecting Remark option in dropdown, space to type remark is not available.",pending,,,,,,,,,,,,,,,,,,,,
,Not possible to check list without submitting maintenance record,OK Noted,,,,,,,,,,,,,,,,,,,,,
,Form heading ATC Half Yearly Maintenance to be replaced with ATS Half Yearly Maintenance,OK Noted,,,,,,,,,,,,,,,,,,,,,
,Correct the word ''veify'' with verify in S. No 13.,OK Noted,,,,,,,,,,,,,,,,,,,,,
,,,,,,,,,,,,,,,,,,,,,,,
Filter Replacement Half yearly MAINTENANCE RECORD,DATE is missing and it should be Added in 1st row and 1st column,"Date is not reflecting in saved data/PDF/Excel.After using edit, Option of date is also missing",pending,,,,,,,,,,,,,,,,,,,,
,"box in front of maintenance activity open date, it should be done, not done or remark",Ok Noted,,,,,,,,,,,,,,,,,,,,,
,Not possible to check list without submitting maintenance record,Ok Noted,,,,,,,,,,,,,,,,,,,,,
,"DATE is missing, it should be added in 1st row and 1st column","Date is not reflecting in saved data/PDF/Excel.After using edit, Option of date is also missing",pending,,,,,,,,,,,,,,,,,,,,
,,,,,,,,,,,,,,,,,,,,,,,
Requisition,Approval information (approved by and designation) is not getting updated after submitting.,"Generated PDF is not accurate.PDF is not with UPMRC Formate Issued by, Received by, Section incharge rows shall be below Item.",,,,,,,,,,,,,,,,,,,,,
,,,,,,,,,,,,,,,,,,,,,,,
Contractual spare testing register,Items to be added ,,,,,,,,,,,,,,,,,,,,,,
,1.Date From  &  To   with time selection,"From & To ""Date & Time"" is given seperately. 
From ""date & time"" should come simultaneously. Similarly To ""date & time"" should come simultaneously.",pending,,,,,,,,,,,,,,,,,,,,
,2.Tesing details,Ok noted,,,,,,,,,,,,,,,,,,,,,
,3.Sign,,,,,,,,,,,,,,,,,,,,,,
,4.Final Status - OK/ NOK,Ok noted,,,,,,,,,,,,,,,,,,,,,
,5.Save button / auto save in every 5 second,,,,,,,,,,,,,,,,,,,,,,
,Time should be in 24hrs clock.,24Hour clock is available in format,,,,,,,,,,,,,,,,,,,,,
,"""From & TO"" Time selection should come after date selection or Date & time selection should be in same selection ",To be done as per comment no. 01,pending,,,,,,,,,,,,,,,,,,,,
,Data Not saved,Ok noted,,,,,,,,,,,,,,,,,,,,,
,Testing Details Should come after Testing location,Ok noted,pending,,,,,,,,,,,,,,,,,,,,
,In a New register form Testing time is given twice with date & separate.  After saving the form only one time is available. So time clubbed with date selection is to be removed & Form get change after using EDIT button regarding time information.,"In a New form given heading is ""TESTED DATE and TIME"" but only date is selected so correct it as ""TESTED DATE""",??,,,,,,,,,,,,,,,,,,,,
,,,date is not updating in edit,,,,,,,,,,,,,,,,,,,,
,,,,,,,,,,,,,,,,,,,,,,,
Daily work done register,Supervisior  ----supervisor (spelling mistake),Ok noted,,,,,,,,,,,,,,,,,,,,,
,Drop down for freqency selection,Drop down available but after saving daily & fortnighly frequnecy not available,ok,,,,,,,,,,,,,,,,,,,,
,Member------Member(s) ,ok noted,,,,,,,,,,,,,,,,,,,,,
,Onduty sign----On duty signature,,,,,,,,,,,,,,,,,,,,,,
,Work done by showing drop down of frequency,ok noted,,,,,,,,,,,,,,,,,,,,,
,Drop down for freqency selection not available- ,Correct the spelling of Frequency in column,ok,,,,,,,,,,,,,,,,,,,,
,"Frequency Type- Daily,Fortnighly,Monthly, Quarterly,Half Yearly, Yearly , other","Initially Frequency Type- Daily, weekly,Fortnighly,Monthly, Quarterly,Half Yearly, Yearly , other are available but after saving & while editing Daily & fortnighly frequency are not available",ok,,,,,,,,,,,,,,,,,,,,
,Data Not saved,Ok noted,,,,,,,,,,,,,,,,,,,,,
,Duplicate  Frequency colums are available in a New form.Only typed frequency is showing in a filled & saved register.,Ok noted,,,,,,,,,,,,,,,,,,,,,
,After saving the form and using edit button form changed. Supervisor Name is removed automatically.,Ok noted,,,,,,,,,,,,,,,,,,,,,
,"When Again opening the same filled register, registers format is getting changed.  Drop down frequency is showing under Work done by & in it daily frequency is automatically getting changed to weekly. &  daily frequency is not available in drop down.",After saving data when again edit option is clicked Daily frequency get changed into weekly & daily and Fortnightly frequency get disappear from drop down. ,ok,,,,,,,,,,,,,,,,,,,,
,,,Frequency spelling is wrong in form,,,,,,,,,,,,,,,,,,,,
,,,,,,,,,,,,,,,,,,,,,,,
Job Card,Job Number should be automated assigned  & there should be the facility to filter out with sub-system wise/Hardwarewise/failure type/maintenance type,,,,,,,,,,,,,,,,,,,,,,
,Part A: job card issued to be added,Ok noted,,,,,,,,,,,,,,,,,,,,,
,Car number to be added seperately,Ok noted,,,,,,,,,,,,,,,,,,,,,
,Description of Job card is sub-heading of job card it does no required any field to fill,Ok noted,,,,,,,,,,,,,,,,,,,,,
,Field block below Nature of Work (Mention full details of 6.work/failure and equipment to be worked on) to be removed and merged with Work field block,Ok noted,,,,,,,,,,,,,,,,,,,,,
,Ref. PTW No.  to be added,Ok noted,,,,,,,,,,,,,,,,,,,,,
,Roof access required and power block required need yes or no button or in form of drop down filed,Ok noted,,,,,,,,,,,,,,,,,,,,,
,Part :B Permission to Access  to be added,Ok noted,,,,,,,,,,,,,,,,,,,,,
,There should be dropdownfor contracor selection,Ok noted,,,,,,,,,,,,,,,,,,,,,
,Part C: to be added before failure history shuold be available with gear id/Equipment Name,"1.Part A- System /Gear ID dropdown is not available. Updated Job card  will be share.
2.After saving the job card SCG Name & date and Time row is coming before ""Part C: Failure History
3. After saving form Date and time is coming with an extra T in between.",,,,,,,,,,,,,,,,,,,,,
,Part D : Completion for work(completion details of work done etc  is missing,Ok noted,,,,,,,,,,,,,,,,,,,,,
,power block request cancelled yes or no botton to be added,Ok noted,,,,,,,,,,,,,,,,,,,,,
,Train can be energized yes or no botton to be added,Ok noted,,,,,,,,,,,,,,,,,,,,,
,Job card No. should be alphanumeric. Generation of automated job card can not be checked due to data not saved.,Job card no. is Alphanumeric but is not automated.Noted,,,,,,,,,,,,,,,,,,,,,
,Ref. PTW should be Alphanumeric ,Ok noted,,,,,,,,,,,,,,,,,,,,,
,Job card data not saved. Job card should be saved in Parts. As data is not saved so it can not be verified whether it is being shown as open on other log in IDs.,Ok noted,,,,,,,,,,,,,,,,,,,,,
,Expected time of completion should be in 24Hrs clock formate.,24Hrs clock is available,,,,,,,,,,,,,,,,,,,,,
,In Part-B time also should be added with date.,Ok but date & time shows wrong formating after saving.It should be in DD:MM:YYYY.,pending,,,,,,,,,,,,,,,,,,,,
,"Roof Access required should bedrop down with ""Yes,No, NA""",Ok noted,,,,,,,,,,,,,,,,,,,,,
,"Power Block required should be drop down with ""Yes,No,NA""",ok Noted,,,,,,,,,,,,,,,,,,,,,
,"In port D Power Block Request cancelled should be drop down as ""Yes, NO, NA""",Ok noted,,,,,,,,,,,,,,,,,,,,,
,Old Sr No Details along with Equipment & New Sr No Details along with Equipment should be with fecility of adding a new row for fecilitating entry of more than one HW failure.,Add row option shall be availble for adding more hardware.,,,,,,,,,,,,,,,,,,,,,
,time should be in 24Hrs clock format. ,24Hr time is availale,,,,,,,,,,,,,,,,,,,,,
,Job card & PTW to be in Bold ,Ok noted,,,,,,,,,,,,,,,,,,,,,
,"""Part A : Job card issued "" to be in Bold",Ok noted,,,,,,,,,,,,,,,,,,,,,
,"""Nature of work"" to be in Bold",Ok noted,,,,,,,,,,,,,,,,,,,,,
,In part B time is not given with date.,Ok but date & time shows wrong formating after saving.It should be in DD:MM:YYYY.,pending,,,,,,,,,,,,,,,,,,,,
,"""Part :B Permission to Access"" is changed in Part A: Job card issued when it is saved",Ok noted,,,,,,,,,,,,,,,,,,,,,
,"In Job card List Job card No. , Station, Employee Name, Contractor Name  & its status to be displayed",In job card list in place of Station Train No is to be displayed,pending,,,,,,,,,,,,,,,,,,,,
,Old Sr No Details along with Equipment & New Sr No Details along with Equipment should be with fecility of adding a new row for fecilitating entry of more than one HW failure.,"1.Add row option shall be availble for adding more hardware.
2.There should be sepearate row for old & New Equipment details",pending,,,,,,,,,,,,,,,,,,,,
,,,final submit rediredting to dahsboard,,,,,,,,,,,,,,,,,,,,
,,,,,,,,,,,,,,,,,,,,,,,
Handing Taking Over Note,Counter sign' option is not availale in digital format.,Noted,,,,,,,,,,,,,,,,,,,,,
,Data is not saved in digital format.,Ok noted,,,,,,,,,,,,,,,,,,,,,
,AFTER SAVING HANDED OVER BY & TAKEN OVER BY DATA get blank,PDF/Excel gernation not possible,,,,,,,,,,,,,,,,,,,,,
,,,excel not working,,,,,,,,,,,,,,,,,,,,
,,,page not updated after final submit,,,,,,,,,,,,,,,,,,,,
,,,Handing spelliin is wrong in table title,,,,,,,,,,,,,,,,,,,,
,,,Designation not updated in edit ,,,,,,,,,,,,,,,,,,,,
,,,,,,,,,,,,,,,,,,,,,,,
QUARTERLY TRAIN INSPECTION (UNDERFRAME & OTHER ON-BOARD EQUIPMENTS),Only last two quarters month mentioned in drop down list. First two quarters are missing in drop down list,Ok noted,,,,,,,,,,,,,,,,,,,,,
,Last point no. 18 in section 'Underframe STF-DL Antenna Inspection' of logbook missing in soft copy..,Ok noted,,,,,,,,,,,,,,,,,,,,,
,Last point no. 4 in section 'Underframe Odometer Inspection' missing.,Bracket is misssing in point No. 3 Fixing & tightness all Allen screws of odometer (Torque32,missing bracket,,,,,,,,,,,,,,,,,,,,
,"Only underframe inspection and INT connector inspection mentioned, other on board equipments inspection not mentioned.",Ok noted,,,,,,,,,,,,,,,,,,,,,
,Data not saved in digital format.,Ok noted,,,,,,,,,,,,,,,,,,,,,
,Counter sign is not available.,Counter name will different from Employee Detail,pending,,,,,,,,,,,,,,,,,,,,
,"In underframe inspection activity drop down should be ok,Nok & Done.",Only Ok & Not ok available.  Done is not availble,pending,,,,,,,,,,,,,,,,,,,,
,For all maintenances/ underframe inspection activities only file to be created if inspection is completed it filled data to be freezed but other pending maintenance/inspections should be in that file.,Form is not not re-edittable from user ID if it is submitted once for a quarter. for next quarter we need to fill new form.,???,,,,,,,,,,,,,,,,,,,,
,Underframe STF-DL Antenna Inspection - correct spelling in activity no. 2,"Underframe STF-DL Antenna Inspection - correct spelling in activity no. 2
""2. TTightness Tightness of all screws and fixing of Metallic Support with train body""",pending,,,,,,,,,,,,,,,,,,,,
,AFTER SAVING PAGE FORMAT TO BE CORRECTED.,AFTER SAVING PAGE FORMAT TO BE CORRECTED.,,,,,,,,,,,,,,,,,,,,,
,Counter Name is same as Name as supervisor,Counter name will different from Employee Detail,pending,,,,,,,,,,,,,,,,,,,,
,,,,,,,,,,,,,,,,,,,,,,,
Assurance Register,DATE should be in 1st row and 1st column,Ok noted,form is not opening,,,,,,,,,,,,,,,,,,,,
,Details Of Intruction/Assurance should be in 1st row and 2st column,Ok noted,,,,,,,,,,,,,,,,,,,,,
,Employee No should be in 2nd row and 1st column after that when Employee No Filled then Name and  Designation should be auto filled according to Employee No,Ok noted,,,,,,,,,,,,,,,,,,,,,
,Name should be in 2nd row and 2nd column . ,Ok noted,,,,,,,,,,,,,,,,,,,,,
,Designation  should be in 3nd row and 1st column ,Ok noted,,,,,,,,,,,,,,,,,,,,,
,Remark  should be in 3nd row and 2nd column ,Ok noted,,,,,,,,,,,,,,,,,,,,,
,"One row with Name, Employee ID, & Designation should be for issuer of instruction or assurance.",How it will function it is not clear,pending,,,,,,,,,,,,,,,,,,,,
,"There should be acknowledgement list with fecility of adding new row with Name designation, Employee ID & date",Not available,,,,,,,,,,,,,,,,,,,,,
,Data not saved in digital format.,Ok noted,,,,,,,,,,,,,,,,,,,,,
,Counter sign' option is not availale in digital format.,Ok noted,,,,,,,,,,,,,,,,,,,,,
,Data is not saved in digital format.,Ok noted,,,,,,,,,,,,,,,,,,,,,
,,,,,,,,,,,,,,,,,,,,,,,
ATC Examination,NO option to fill hour in From (Date/Hours) and Up to (Date/Hours) in  both column,Ok Noted,,,,,,,,,,,,,,,,,,,,,
,Remark is missing and it should be Added in last column,Remark- Remarks,pending,,,,,,,,,,,,,,,,,,,,
,"Fitness Given in ATP/ATO column if it is possible to give dropdown opotion.  1- ATP+ATO,2-ATP ONLY ,3-ATO ONLY ,4-UNDER RS MAINTENANCE,5-UNDER SIGNALLING MAINTENANCE",Ok Noted,ATO ONLY is missiong in dropdown,,,,,,,,,,,,,,,,,,,,
,"Before adding train set details first add ""It is certified that following train sets are checked for ATC On-board system fitness. These trains are fit for revenue services.""","In Generated PDF Heading ""ATC examination Certificate register"" to be changed to ""ATC Examination Certificate"".
After Dowloaded PDF ATC Examination Certificate No heading is available",pending,,,,,,,,,,,,,,,,,,,,
,In last row left side PPIO/Inspection(TPD) to be added & right side SE/JE(Signal) to be added.,Ok noted,,,,,,,,,,,,,,,,,,,,,
,Data not saved in digital format.,Ok Noted,,,,,,,,,,,,,,,,,,,,,
,,,,,,,,,,,,,,,,,,,,,,,
GRIEVANCE REGISTER,DATE is missing and it should be Added in 1st row and 1st column,"Change ""Test Date"" to ""Date""",pending,,,,,,,,,,,,,,,,,,,,
,Employee No is missing and it should be added in 1st row and 2nd column after that when Employee No Filled then Name and  Designation should be auto filled according to Employee No. ,After Saving when edititng Employee ID is removed automatically,,,,,,,,,,,,,,,,,,,,,
,Name should be in 2nd row and 1st column ,Ok noted,,,,,,,,,,,,,,,,,,,,,
,Designation  should be in 2nd row and 2nd column ,Ok noted,,,,,,,,,,,,,,,,,,,,,
,Grievance Details should be in 3nd row and 1st column  ,Ok noted,,,,,,,,,,,,,,,,,,,,,
,Inspecting Official  should be in 3nd row and 2nd column,Ok noted,,,,,,,,,,,,,,,,,,,,,
,Remark should be in 4th row  ,Ok noted,,,,,,,,,,,,,,,,,,,,,
,Employee detail is not available it should in first column.,Ok noted,,,,,,,,,,,,,,,,,,,,,
,Inspecting offical details is not available it should be above remarks row,Ok noted,,,,,,,,,,,,,,,,,,,,,
,Data is not saved in digital format.,Ok noted,,,,,,,,,,,,,,,,,,,,,
,,,,,,,,,,,,,,,,,,,,,,,
Genral,,,,,,,,,,,,,,,,,,,,,,,
,,,,,,,,,,,,,,,,,,,,,,,
,,,,,,,,,,,,,,,,,,,,,,,
,,,,,,,,,,,,,,,,,,,,,,,
,,,,,,,,,,,,,,,,,,,,,,,
,,,,,,,,,,,,,,,,,,,,,,,
,,,,,,,,,,,,,,,,,,,,,,,
,,,,,,,,,,,,,,,,,,,,,,,
Fowollowing register are not added though regiaters format were shared on 23 Sept 2024,1.Daily Train Fitness.,,,,,,,,,,,,,,,,,,,,,,
,2.Half Yearly Inspection and maintenance of onboard ATC subsystem.,,,,,,,,,,,,,,,,,,,,,,
,3.SMIO-PSCOM redundancy test quarterly.,,,,,,,,,,,,,,,,,,,,,,
,4.DCS Indoor Half Yearly Maintenance Record,,,,,,,,,,,,,,,,,,,,,,
,,,,,,,,,,,,,,,,,,,,,,,
,,,,,,,,,,,,,,,,,,,,,,,
,,,,,,,,,,,,,,,,,,,,,,,
,,,,,,,,,,,,,,,,,,,,,,,
,,,,,,,,,,,,,,,,,,,,,,,
,,,,,,,,,,,,,,,,,,,,,,,
,,,,,,,,,,,,,,,,,,,,,,,
,,,,,,,,,,,,,,,,,,,,,,,
,,,,,,,,,,,,,,,,,,,,,,,
,,,,,,,,,,,,,,,,,,,,,,,
,,,,,,,,,,,,,,,,,,,,,,,
,,,,,,,,,,,,,,,,,,,,,,,
,,,,,,,,,,,,,,,,,,,,,,,
,,,,,,,,,,,,,,,,,,,,,,,
,,,,,,,,,,,,,,,,,,,,,,,
,,,,,,,,,,,,,,,,,,,,,,,
,,,,,,,,,,,,,,,,,,,,,,,
,,,,,,,,,,,,,,,,,,,,,,,
,,,,,,,,,,,,,,,,,,,,,,,
,,,,,,,,,,,,,,,,,,,,,,,
,,,,,,,,,,,,,,,,,,,,,,,
,,,,,,,,,,,,,,,,,,,,,,,
,,,,,,,,,,,,,,,,,,,,,,,
,,,,,,,,,,,,,,,,,,,,,,,
,,,,,,,,,,,,,,,,,,,,,,,
,,,,,,,,,,,,,,,,,,,,,,,
,,,,,,,,,,,,,,,,,,,,,,,
,,,,,,,,,,,,,,,,,,,,,,,
,,,,,,,,,,,,,,,,,,,,,,,
,,,,,,,,,,,,,,,,,,,,,,,
,,,,,,,,,,,,,,,,,,,,,,,
,,,,,,,,,,,,,,,,,,,,,,,
,,,,,,,,,,,,,,,,,,,,,,,
,,,,,,,,,,,,,,,,,,,,,,,
,,,,,,,,,,,,,,,,,,,,,,,
,,,,,,,,,,,,,,,,,,,,,,,
,,,,,,,,,,,,,,,,,,,,,,,
,,,,,,,,,,,,,,,,,,,,,,,
,,,,,,,,,,,,,,,,,,,,,,,
,,,,,,,,,,,,,,,,,,,,,,,
,,,,,,,,,,,,,,,,,,,,,,,
,,,,,,,,,,,,,,,,,,,,,,,
,,,,,,,,,,,,,,,,,,,,,,,
,,,,,,,,,,,,,,,,,,,,,,,
,,,,,,,,,,,,,,,,,,,,,,,
,,,,,,,,,,,,,,,,,,,,,,,
,,,,,,,,,,,,,,,,,,,,,,,
,,,,,,,,,,,,,,,,,,,,,,,
,,,,,,,,,,,,,,,,,,,,,,,
,,,,,,,,,,,,,,,,,,,,,,,
,,,,,,,,,,,,,,,,,,,,,,,
,,,,,,,,,,,,,,,,,,,,,,,
,,,,,,,,,,,,,,,,,,,,,,,
,,,,,,,,,,,,,,,,,,,,,,,
,,,,,,,,,,,,,,,,,,,,,,,
,,,,,,,,,,,,,,,,,,,,,,,
,,,,,,,,,,,,,,,,,,,,,,,
,,,,,,,,,,,,,,,,,,,,,,,
,,,,,,,,,,,,,,,,,,,,,,,
,,,,,,,,,,,,,,,,,,,,,,,
,,,,,,,,,,,,,,,,,,,,,,,
,,,,,,,,,,,,,,,,,,,,,,,
,,,,,,,,,,,,,,,,,,,,,,,
,,,,,,,,,,,,,,,,,,,,,,,
,,,,,,,,,,,,,,,,,,,,,,,
,,,,,,,,,,,,,,,,,,,,,,,
,,,,,,,,,,,,,,,,,,,,,,,
,,,,,,,,,,,,,,,,,,,,,,,
,,,,,,,,,,,,,,,,,,,,,,,
,,,,,,,,,,,,,,,,,,,,,,,
,,,,,,,,,,,,,,,,,,,,,,,
,,,,,,,,,,,,,,,,,,,,,,,
,,,,,,,,,,,,,,,,,,,,,,,
,,,,,,,,,,,,,,,,,,,,,,,
,,,,,,,,,,,,,,,,,,,,,,,
,,,,,,,,,,,,,,,,,,,,,,,
,,,,,,,,,,,,,,,,,,,,,,,
,,,,,,,,,,,,,,,,,,,,,,,
,,,,,,,,,,,,,,,,,,,,,,,
,,,,,,,,,,,,,,,,,,,,,,,
,,,,,,,,,,,,,,,,,,,,,,,
,,,,,,,,,,,,,,,,,,,,,,,
,,,,,,,,,,,,,,,,,,,,,,,
,,,,,,,,,,,,,,,,,,,,,,,
,,,,,,,,,,,,,,,,,,,,,,,
,,,,,,,,,,,,,,,,,,,,,,,
,,,,,,,,,,,,,,,,,,,,,,,
,,,,,,,,,,,,,,,,,,,,,,,
,,,,,,,,,,,,,,,,,,,,,,,
,,,,,,,,,,,,,,,,,,,,,,,
,,,,,,,,,,,,,,,,,,,,,,,
,,,,,,,,,,,,,,,,,,,,,,,
,,,,,,,,,,,,,,,,,,,,,,,
,,,,,,,,,,,,,,,,,,,,,,,
,,,,,,,,,,,,,,,,,,,,,,,
,,,,,,,,,,,,,,,,,,,,,,,
,,,,,,,,,,,,,,,,,,,,,,,
,,,,,,,,,,,,,,,,,,,,,,,
,,,,,,,,,,,,,,,,,,,,,,,
,,,,,,,,,,,,,,,,,,,,,,,
,,,,,,,,,,,,,,,,,,,,,,,
,,,,,,,,,,,,,,,,,,,,,,,
,,,,,,,,,,,,,,,,,,,,,,,
,,,,,,,,,,,,,,,,,,,,,,,
,,,,,,,,,,,,,,,,,,,,,,,
,,,,,,,,,,,,,,,,,,,,,,,
,,,,,,,,,,,,,,,,,,,,,,,
,,,,,,,,,,,,,,,,,,,,,,,
,,,,,,,,,,,,,,,,,,,,,,,
,,,,,,,,,,,,,,,,,,,,,,,
,,,,,,,,,,,,,,,,,,,,,,,
,,,,,,,,,,,,,,,,,,,,,,,
,,,,,,,,,,,,,,,,,,,,,,,
,,,,,,,,,,,,,,,,,,,,,,,
,,,,,,,,,,,,,,,,,,,,,,,
,,,,,,,,,,,,,,,,,,,,,,,
,,,,,,,,,,,,,,,,,,,,,,,
,,,,,,,,,,,,,,,,,,,,,,,
,,,,,,,,,,,,,,,,,,,,,,,
,,,,,,,,,,,,,,,,,,,,,,,
,,,,,,,,,,,,,,,,,,,,,,,
,,,,,,,,,,,,,,,,,,,,,,,
,,,,,,,,,,,,,,,,,,,,,,,
,,,,,,,,,,,,,,,,,,,,,,,
,,,,,,,,,,,,,,,,,,,,,,,
,,,,,,,,,,,,,,,,,,,,,,,
,,,,,,,,,,,,,,,,,,,,,,,
,,,,,,,,,,,,,,,,,,,,,,,
,,,,,,,,,,,,,,,,,,,,,,,
,,,,,,,,,,,,,,,,,,,,,,,
,,,,,,,,,,,,,,,,,,,,,,,
,,,,,,,,,,,,,,,,,,,,,,,
,,,,,,,,,,,,,,,,,,,,,,,
,,,,,,,,,,,,,,,,,,,,,,,
,,,,,,,,,,,,,,,,,,,,,,,
,,,,,,,,,,,,,,,,,,,,,,,
,,,,,,,,,,,,,,,,,,,,,,,
,,,,,,,,,,,,,,,,,,,,,,,
,,,,,,,,,,,,,,,,,,,,,,,
,,,,,,,,,,,,,,,,,,,,,,,
,,,,,,,,,,,,,,,,,,,,,,,
,,,,,,,,,,,,,,,,,,,,,,,
,,,,,,,,,,,,,,,,,,,,,,,
,,,,,,,,,,,,,,,,,,,,,,,
,,,,,,,,,,,,,,,,,,,,,,,
,,,,,,,,,,,,,,,,,,,,,,,
,,,,,,,,,,,,,,,,,,,,,,,
,,,,,,,,,,,,,,,,,,,,,,,
,,,,,,,,,,,,,,,,,,,,,,,
,,,,,,,,,,,,,,,,,,,,,,,
,,,,,,,,,,,,,,,,,,,,,,,
,,,,,,,,,,,,,,,,,,,,,,,
,,,,,,,,,,,,,,,,,,,,,,,
,,,,,,,,,,,,,,,,,,,,,,,
,,,,,,,,,,,,,,,,,,,,,,,
,,,,,,,,,,,,,,,,,,,,,,,
,,,,,,,,,,,,,,,,,,,,,,,
,,,,,,,,,,,,,,,,,,,,,,,
,,,,,,,,,,,,,,,,,,,,,,,
,,,,,,,,,,,,,,,,,,,,,,,
,,,,,,,,,,,,,,,,,,,,,,,
,,,,,,,,,,,,,,,,,,,,,,,
,,,,,,,,,,,,,,,,,,,,,,,
,,,,,,,,,,,,,,,,,,,,,,,
,,,,,,,,,,,,,,,,,,,,,,,
,,,,,,,,,,,,,,,,,,,,,,,
,,,,,,,,,,,,,,,,,,,,,,,
,,,,,,,,,,,,,,,,,,,,,,,
,,,,,,,,,,,,,,,,,,,,,,,
,,,,,,,,,,,,,,,,,,,,,,,
,,,,,,,,,,,,,,,,,,,,,,,
,,,,,,,,,,,,,,,,,,,,,,,
,,,,,,,,,,,,,,,,,,,,,,,
,,,,,,,,,,,,,,,,,,,,,,,
,,,,,,,,,,,,,,,,,,,,,,,
,,,,,,,,,,,,,,,,,,,,,,,
,,,,,,,,,,,,,,,,,,,,,,,
,,,,,,,,,,,,,,,,,,,,,,,
,,,,,,,,,,,,,,,,,,,,,,,
,,,,,,,,,,,,,,,,,,,,,,,
,,,,,,,,,,,,,,,,,,,,,,,
,,,,,,,,,,,,,,,,,,,,,,,
,,,,,,,,,,,,,,,,,,,,,,,
,,,,,,,,,,,,,,,,,,,,,,,
,,,,,,,,,,,,,,,,,,,,,,,
,,,,,,,,,,,,,,,,,,,,,,,
,,,,,,,,,,,,,,,,,,,,,,,
,,,,,,,,,,,,,,,,,,,,,,,
,,,,,,,,,,,,,,,,,,,,,,,
,,,,,,,,,,,,,,,,,,,,,,,
,,,,,,,,,,,,,,,,,,,,,,,
,,,,,,,,,,,,,,,,,,,,,,,
,,,,,,,,,,,,,,,,,,,,,,,
,,,,,,,,,,,,,,,,,,,,,,,
,,,,,,,,,,,,,,,,,,,,,,,
,,,,,,,,,,,,,,,,,,,,,,,
,,,,,,,,,,,,,,,,,,,,,,,
,,,,,,,,,,,,,,,,,,,,,,,
,,,,,,,,,,,,,,,,,,,,,,,
,,,,,,,,,,,,,,,,,,,,,,,
,,,,,,,,,,,,,,,,,,,,,,,
,,,,,,,,,,,,,,,,,,,,,,,
,,,,,,,,,,,,,,,,,,,,,,,
,,,,,,,,,,,,,,,,,,,,,,,
,,,,,,,,,,,,,,,,,,,,,,,
,,,,,,,,,,,,,,,,,,,,,,,
,,,,,,,,,,,,,,,,,,,,,,,
,,,,,,,,,,,,,,,,,,,,,,,
,,,,,,,,,,,,,,,,,,,,,,,
,,,,,,,,,,,,,,,,,,,,,,,
,,,,,,,,,,,,,,,,,,,,,,,
,,,,,,,,,,,,,,,,,,,,,,,
,,,,,,,,,,,,,,,,,,,,,,,
,,,,,,,,,,,,,,,,,,,,,,,
,,,,,,,,,,,,,,,,,,,,,,,
,,,,,,,,,,,,,,,,,,,,,,,
,,,,,,,,,,,,,,,,,,,,,,,
,,,,,,,,,,,,,,,,,,,,,,,
,,,,,,,,,,,,,,,,,,,,,,,
,,,,,,,,,,,,,,,,,,,,,,,
,,,,,,,,,,,,,,,,,,,,,,,
,,,,,,,,,,,,,,,,,,,,,,,
,,,,,,,,,,,,,,,,,,,,,,,
,,,,,,,,,,,,,,,,,,,,,,,
,,,,,,,,,,,,,,,,,,,,,,,
,,,,,,,,,,,,,,,,,,,,,,,
,,,,,,,,,,,,,,,,,,,,,,,
,,,,,,,,,,,,,,,,,,,,,,,
,,,,,,,,,,,,,,,,,,,,,,,
,,,,,,,,,,,,,,,,,,,,,,,
,,,,,,,,,,,,,,,,,,,,,,,
,,,,,,,,,,,,,,,,,,,,,,,
,,,,,,,,,,,,,,,,,,,,,,,
,,,,,,,,,,,,,,,,,,,,,,,
,,,,,,,,,,,,,,,,,,,,,,,
,,,,,,,,,,,,,,,,,,,,,,,
,,,,,,,,,,,,,,,,,,,,,,,
,,,,,,,,,,,,,,,,,,,,,,,
,,,,,,,,,,,,,,,,,,,,,,,
,,,,,,,,,,,,,,,,,,,,,,,
,,,,,,,,,,,,,,,,,,,,,,,
,,,,,,,,,,,,,,,,,,,,,,,
,,,,,,,,,,,,,,,,,,,,,,,
,,,,,,,,,,,,,,,,,,,,,,,
,,,,,,,,,,,,,,,,,,,,,,,
,,,,,,,,,,,,,,,,,,,,,,,
,,,,,,,,,,,,,,,,,,,,,,,
,,,,,,,,,,,,,,,,,,,,,,,
,,,,,,,,,,,,,,,,,,,,,,,
,,,,,,,,,,,,,,,,,,,,,,,
,,,,,,,,,,,,,,,,,,,,,,,
,,,,,,,,,,,,,,,,,,,,,,,
,,,,,,,,,,,,,,,,,,,,,,,
,,,,,,,,,,,,,,,,,,,,,,,
,,,,,,,,,,,,,,,,,,,,,,,
,,,,,,,,,,,,,,,,,,,,,,,
,,,,,,,,,,,,,,,,,,,,,,,
,,,,,,,,,,,,,,,,,,,,,,,
,,,,,,,,,,,,,,,,,,,,,,,
,,,,,,,,,,,,,,,,,,,,,,,
,,,,,,,,,,,,,,,,,,,,,,,
,,,,,,,,,,,,,,,,,,,,,,,
,,,,,,,,,,,,,,,,,,,,,,,
,,,,,,,,,,,,,,,,,,,,,,,
,,,,,,,,,,,,,,,,,,,,,,,
,,,,,,,,,,,,,,,,,,,,,,,
,,,,,,,,,,,,,,,,,,,,,,,
,,,,,,,,,,,,,,,,,,,,,,,
,,,,,,,,,,,,,,,,,,,,,,,
,,,,,,,,,,,,,,,,,,,,,,,
,,,,,,,,,,,,,,,,,,,,,,,
,,,,,,,,,,,,,,,,,,,,,,,
,,,,,,,,,,,,,,,,,,,,,,,
,,,,,,,,,,,,,,,,,,,,,,,
,,,,,,,,,,,,,,,,,,,,,,,
,,,,,,,,,,,,,,,,,,,,,,,
,,,,,,,,,,,,,,,,,,,,,,,
,,,,,,,,,,,,,,,,,,,,,,,
,,,,,,,,,,,,,,,,,,,,,,,
,,,,,,,,,,,,,,,,,,,,,,,
,,,,,,,,,,,,,,,,,,,,,,,
,,,,,,,,,,,,,,,,,,,,,,,
,,,,,,,,,,,,,,,,,,,,,,,
,,,,,,,,,,,,,,,,,,,,,,,
,,,,,,,,,,,,,,,,,,,,,,,
,,,,,,,,,,,,,,,,,,,,,,,
,,,,,,,,,,,,,,,,,,,,,,,
,,,,,,,,,,,,,,,,,,,,,,,
,,,,,,,,,,,,,,,,,,,,,,,
,,,,,,,,,,,,,,,,,,,,,,,
,,,,,,,,,,,,,,,,,,,,,,,
,,,,,,,,,,,,,,,,,,,,,,,
,,,,,,,,,,,,,,,,,,,,,,,
,,,,,,,,,,,,,,,,,,,,,,,
,,,,,,,,,,,,,,,,,,,,,,,
,,,,,,,,,,,,,,,,,,,,,,,
,,,,,,,,,,,,,,,,,,,,,,,
,,,,,,,,,,,,,,,,,,,,,,,
,,,,,,,,,,,,,,,,,,,,,,,
,,,,,,,,,,,,,,,,,,,,,,,
,,,,,,,,,,,,,,,,,,,,,,,
,,,,,,,,,,,,,,,,,,,,,,,
,,,,,,,,,,,,,,,,,,,,,,,
,,,,,,,,,,,,,,,,,,,,,,,
,,,,,,,,,,,,,,,,,,,,,,,
,,,,,,,,,,,,,,,,,,,,,,,
,,,,,,,,,,,,,,,,,,,,,,,
,,,,,,,,,,,,,,,,,,,,,,,
,,,,,,,,,,,,,,,,,,,,,,,
,,,,,,,,,,,,,,,,,,,,,,,
,,,,,,,,,,,,,,,,,,,,,,,
,,,,,,,,,,,,,,,,,,,,,,,
,,,,,,,,,,,,,,,,,,,,,,,
,,,,,,,,,,,,,,,,,,,,,,,
,,,,,,,,,,,,,,,,,,,,,,,
,,,,,,,,,,,,,,,,,,,,,,,
,,,,,,,,,,,,,,,,,,,,,,,
,,,,,,,,,,,,,,,,,,,,,,,
,,,,,,,,,,,,,,,,,,,,,,,
,,,,,,,,,,,,,,,,,,,,,,,
,,,,,,,,,,,,,,,,,,,,,,,
,,,,,,,,,,,,,,,,,,,,,,,
,,,,,,,,,,,,,,,,,,,,,,,
,,,,,,,,,,,,,,,,,,,,,,,
,,,,,,,,,,,,,,,,,,,,,,,
,,,,,,,,,,,,,,,,,,,,,,,
,,,,,,,,,,,,,,,,,,,,,,,
,,,,,,,,,,,,,,,,,,,,,,,
,,,,,,,,,,,,,,,,,,,,,,,
,,,,,,,,,,,,,,,,,,,,,,,
,,,,,,,,,,,,,,,,,,,,,,,
,,,,,,,,,,,,,,,,,,,,,,,
,,,,,,,,,,,,,,,,,,,,,,,
,,,,,,,,,,,,,,,,,,,,,,,
,,,,,,,,,,,,,,,,,,,,,,,
,,,,,,,,,,,,,,,,,,,,,,,
,,,,,,,,,,,,,,,,,,,,,,,
,,,,,,,,,,,,,,,,,,,,,,,
,,,,,,,,,,,,,,,,,,,,,,,
,,,,,,,,,,,,,,,,,,,,,,,
,,,,,,,,,,,,,,,,,,,,,,,
,,,,,,,,,,,,,,,,,,,,,,,
,,,,,,,,,,,,,,,,,,,,,,,
,,,,,,,,,,,,,,,,,,,,,,,
,,,,,,,,,,,,,,,,,,,,,,,
,,,,,,,,,,,,,,,,,,,,,,,
,,,,,,,,,,,,,,,,,,,,,,,
,,,,,,,,,,,,,,,,,,,,,,,
,,,,,,,,,,,,,,,,,,,,,,,
,,,,,,,,,,,,,,,,,,,,,,,
,,,,,,,,,,,,,,,,,,,,,,,
,,,,,,,,,,,,,,,,,,,,,,,
,,,,,,,,,,,,,,,,,,,,,,,
,,,,,,,,,,,,,,,,,,,,,,,
,,,,,,,,,,,,,,,,,,,,,,,
,,,,,,,,,,,,,,,,,,,,,,,
,,,,,,,,,,,,,,,,,,,,,,,
,,,,,,,,,,,,,,,,,,,,,,,
,,,,,,,,,,,,,,,,,,,,,,,
,,,,,,,,,,,,,,,,,,,,,,,
,,,,,,,,,,,,,,,,,,,,,,,
,,,,,,,,,,,,,,,,,,,,,,,
,,,,,,,,,,,,,,,,,,,,,,,
,,,,,,,,,,,,,,,,,,,,,,,
,,,,,,,,,,,,,,,,,,,,,,,
,,,,,,,,,,,,,,,,,,,,,,,
,,,,,,,,,,,,,,,,,,,,,,,
,,,,,,,,,,,,,,,,,,,,,,,
,,,,,,,,,,,,,,,,,,,,,,,
,,,,,,,,,,,,,,,,,,,,,,,
,,,,,,,,,,,,,,,,,,,,,,,
,,,,,,,,,,,,,,,,,,,,,,,
,,,,,,,,,,,,,,,,,,,,,,,
,,,,,,,,,,,,,,,,,,,,,,,
,,,,,,,,,,,,,,,,,,,,,,,
,,,,,,,,,,,,,,,,,,,,,,,
,,,,,,,,,,,,,,,,,,,,,,,
,,,,,,,,,,,,,,,,,,,,,,,
,,,,,,,,,,,,,,,,,,,,,,,
,,,,,,,,,,,,,,,,,,,,,,,
,,,,,,,,,,,,,,,,,,,,,,,
,,,,,,,,,,,,,,,,,,,,,,,
,,,,,,,,,,,,,,,,,,,,,,,
,,,,,,,,,,,,,,,,,,,,,,,
,,,,,,,,,,,,,,,,,,,,,,,
,,,,,,,,,,,,,,,,,,,,,,,
,,,,,,,,,,,,,,,,,,,,,,,
,,,,,,,,,,,,,,,,,,,,,,,
,,,,,,,,,,,,,,,,,,,,,,,
,,,,,,,,,,,,,,,,,,,,,,,
,,,,,,,,,,,,,,,,,,,,,,,
,,,,,,,,,,,,,,,,,,,,,,,
,,,,,,,,,,,,,,,,,,,,,,,
,,,,,,,,,,,,,,,,,,,,,,,
,,,,,,,,,,,,,,,,,,,,,,,
,,,,,,,,,,,,,,,,,,,,,,,
,,,,,,,,,,,,,,,,,,,,,,,
,,,,,,,,,,,,,,,,,,,,,,,
,,,,,,,,,,,,,,,,,,,,,,,
,,,,,,,,,,,,,,,,,,,,,,,
,,,,,,,,,,,,,,,,,,,,,,,
,,,,,,,,,,,,,,,,,,,,,,,
,,,,,,,,,,,,,,,,,,,,,,,
,,,,,,,,,,,,,,,,,,,,,,,
,,,,,,,,,,,,,,,,,,,,,,,
,,,,,,,,,,,,,,,,,,,,,,,
,,,,,,,,,,,,,,,,,,,,,,,
,,,,,,,,,,,,,,,,,,,,,,,
,,,,,,,,,,,,,,,,,,,,,,,
,,,,,,,,,,,,,,,,,,,,,,,
,,,,,,,,,,,,,,,,,,,,,,,
,,,,,,,,,,,,,,,,,,,,,,,
,,,,,,,,,,,,,,,,,,,,,,,
,,,,,,,,,,,,,,,,,,,,,,,
,,,,,,,,,,,,,,,,,,,,,,,
,,,,,,,,,,,,,,,,,,,,,,,
,,,,,,,,,,,,,,,,,,,,,,,
,,,,,,,,,,,,,,,,,,,,,,,
,,,,,,,,,,,,,,,,,,,,,,,
,,,,,,,,,,,,,,,,,,,,,,,
,,,,,,,,,,,,,,,,,,,,,,,
,,,,,,,,,,,,,,,,,,,,,,,
,,,,,,,,,,,,,,,,,,,,,,,
,,,,,,,,,,,,,,,,,,,,,,,
,,,,,,,,,,,,,,,,,,,,,,,
,,,,,,,,,,,,,,,,,,,,,,,
,,,,,,,,,,,,,,,,,,,,,,,
,,,,,,,,,,,,,,,,,,,,,,,
,,,,,,,,,,,,,,,,,,,,,,,
,,,,,,,,,,,,,,,,,,,,,,,
,,,,,,,,,,,,,,,,,,,,,,,
,,,,,,,,,,,,,,,,,,,,,,,
,,,,,,,,,,,,,,,,,,,,,,,
,,,,,,,,,,,,,,,,,,,,,,,
,,,,,,,,,,,,,,,,,,,,,,,
,,,,,,,,,,,,,,,,,,,,,,,
,,,,,,,,,,,,,,,,,,,,,,,
,,,,,,,,,,,,,,,,,,,,,,,
,,,,,,,,,,,,,,,,,,,,,,,
,,,,,,,,,,,,,,,,,,,,,,,
,,,,,,,,,,,,,,,,,,,,,,,
,,,,,,,,,,,,,,,,,,,,,,,
,,,,,,,,,,,,,,,,,,,,,,,
,,,,,,,,,,,,,,,,,,,,,,,
,,,,,,,,,,,,,,,,,,,,,,,
,,,,,,,,,,,,,,,,,,,,,,,
,,,,,,,,,,,,,,,,,,,,,,,
,,,,,,,,,,,,,,,,,,,,,,,
,,,,,,,,,,,,,,,,,,,,,,,
,,,,,,,,,,,,,,,,,,,,,,,
,,,,,,,,,,,,,,,,,,,,,,,
,,,,,,,,,,,,,,,,,,,,,,,
,,,,,,,,,,,,,,,,,,,,,,,
,,,,,,,,,,,,,,,,,,,,,,,
,,,,,,,,,,,,,,,,,,,,,,,
,,,,,,,,,,,,,,,,,,,,,,,
,,,,,,,,,,,,,,,,,,,,,,,
,,,,,,,,,,,,,,,,,,,,,,,
,,,,,,,,,,,,,,,,,,,,,,,
,,,,,,,,,,,,,,,,,,,,,,,
,,,,,,,,,,,,,,,,,,,,,,,
,,,,,,,,,,,,,,,,,,,,,,,
,,,,,,,,,,,,,,,,,,,,,,,
,,,,,,,,,,,,,,,,,,,,,,,
,,,,,,,,,,,,,,,,,,,,,,,
,,,,,,,,,,,,,,,,,,,,,,,
,,,,,,,,,,,,,,,,,,,,,,,
,,,,,,,,,,,,,,,,,,,,,,,
,,,,,,,,,,,,,,,,,,,,,,,
,,,,,,,,,,,,,,,,,,,,,,,
,,,,,,,,,,,,,,,,,,,,,,,
